rainfall_24h_mm,rainfall_7d_mm,slope_deg,landslide
50.11,100.43,27.31,1
23.61,127.91,34.67,1
21.58,244.11,24.71,0
34.9,152.05,22.71,1
78.79,194.96,37.03,1
41.9,252.7,23.84,1
14.73,137.97,29.87,0
8.73,263.21,28.3,0
65.62,155.9,37.01,0
96.12,133.01,20.52,1
6.57,134.25,43.8,1
67.16,204.22,17.61,1
49.25,137.3,30.93,1
18.07,172.5,28.99,0
42.32,83.97,16.67,0
12.52,169.6,32.33,0
30.16,90.19,21.42,0
36.42,86.62,13.48,0
84.79,219.55,34.55,1
28.98,76.34,10.45,0
19.9,47.82,15.05,0
46.55,216.03,24.55,1
54.65,119.47,36.88,1
19.26,199.05,33.41,1
14.19,123.03,27.08,0
15.37,150.05,8.32,0
84.99,309.53,17.13,1
52.94,217.03,19.4,0
27.45,209.49,13.09,0
75.45,253.66,6.86,1
19.13,101.93,25.21,0
33.84,193.62,33.98,0
12.32,82.84,18.53,0
73.2,233.19,36.63,1
17.78,123.44,9.63,0
18.14,137.5,12.6,0
47.32,350.53,24.92,1
2.9,176.78,17.62,0
9.76,96.7,32.49,0
59.93,101.38,29.69,1
15.16,152.42,18.36,0
152.67,198.18,10.25,1
40.67,365.8,17.14,1
6.03,127.48,30.08,1
99.4,311.27,33.18,1
40.64,93.14,17.66,1
30.78,202.08,6.83,0
40.53,277.77,9.28,0
5.97,185.46,28.79,1
34.71,237.49,18.18,1
16.18,178.47,18.44,1
33.05,132.79,12.47,0
24.15,96.59,12.32,0
38.95,119.16,36.3,1
27.43,356.93,29.34,1
22.86,168.77,15.79,0
14.56,264.53,23.92,0
6.3,96.55,26.23,1
4.81,200.71,52.19,1
10.12,79.17,11.68,0
56.66,167.31,26.04,1
13.78,110.64,36.21,1
19.71,328.14,49.01,1
19.88,96.86,15.31,0
24.48,208.01,18.05,0
49.8,214.55,32.66,1
27.21,83.14,8.22,0
64.41,315.89,27.45,1
10.25,278.38,55.0,0
59.69,205.97,29.02,1
91.51,223.62,4.48,1
34.36,70.72,13.59,0
12.82,63.1,15.6,0
50.52,159.34,40.61,1
34.84,105.38,20.85,1
44.17,256.18,6.91,0
65.74,114.61,22.21,0
25.49,71.22,24.74,0
22.21,196.35,16.81,0
172.62,330.83,12.19,1
51.0,191.12,55.0,1
73.94,270.27,36.27,0
63.06,148.52,38.01,1
74.58,174.23,20.88,1
45.31,200.64,15.16,1
68.39,214.17,17.31,1
19.82,94.33,9.61,0
6.11,237.85,51.66,0
15.55,72.63,21.36,0
30.94,135.69,45.56,0
27.75,87.69,17.81,0
35.0,443.33,29.24,1
18.8,153.05,25.51,0
3.49,71.09,8.95,0
24.9,122.25,55.0,1
8.93,162.94,18.12,0
33.84,244.98,10.97,1
46.93,119.04,32.8,1
24.49,300.4,22.86,0
12.04,143.23,27.82,1
36.41,211.49,24.18,0
178.89,271.58,4.86,1
50.98,297.69,13.3,1
53.79,214.58,12.98,1
22.37,110.77,37.71,0
16.66,117.38,23.35,0
74.7,290.42,30.21,1
1.96,171.46,18.78,0
18.28,125.4,31.02,1
105.81,314.84,20.9,1
32.22,183.28,20.03,0
7.08,38.82,25.41,0
47.97,167.7,24.18,0
24.63,237.65,55.0,1
5.33,329.14,13.21,0
41.44,104.68,8.27,0
36.88,242.0,27.48,1
35.24,165.87,14.41,1
50.45,106.37,4.41,0
11.26,70.58,11.34,0
44.65,109.53,55.0,1
38.97,83.06,12.99,0
73.61,126.03,6.41,1
18.06,151.81,55.0,1
82.74,113.94,11.05,1
62.29,135.15,55.0,1
31.21,132.6,18.3,0
35.23,108.39,55.0,1
2.24,50.47,19.77,0
34.45,162.54,29.34,1
59.25,131.41,21.17,1
27.43,103.45,19.86,0
73.48,189.79,26.22,1
48.58,231.4,29.93,1
127.81,211.81,25.1,1
19.23,106.08,23.66,0
55.24,109.65,14.48,1
9.21,220.85,21.64,0
29.54,158.99,51.53,1
50.7,254.69,14.07,1
57.74,280.73,26.66,1
25.69,108.95,43.15,0
79.08,440.35,30.07,1
91.09,286.34,37.93,1
19.43,156.66,10.94,0
30.3,118.46,26.69,1
27.79,107.18,19.2,1
22.36,149.63,19.69,0
87.23,233.1,49.2,1
86.54,111.73,19.87,1
28.57,124.95,27.18,1
55.04,197.24,6.42,1
72.89,235.31,55.0,1
41.87,157.63,36.74,1
26.81,186.36,22.11,0
18.2,97.69,18.69,0
58.87,216.05,31.77,1
10.06,154.9,42.86,1
27.41,248.37,55.0,1
23.62,307.58,36.08,1
9.41,233.46,23.85,0
32.27,139.37,39.12,1
29.78,86.4,35.25,0
14.89,87.72,23.9,0
84.97,364.58,34.68,1
59.17,190.45,34.32,1
35.67,183.91,22.04,1
65.72,269.56,16.61,1
76.88,203.43,32.7,1
87.62,331.04,11.76,1
19.13,71.04,10.09,0
65.7,232.57,27.42,1
29.88,358.78,32.21,1
40.78,295.35,27.31,1
20.01,283.04,29.01,0
34.37,82.66,31.9,1
66.37,209.8,49.3,1
103.02,220.24,36.42,1
31.77,104.3,35.82,0
15.35,160.14,26.23,1
113.45,170.45,26.79,1
18.46,177.8,20.99,0
6.29,75.26,28.53,1
21.45,176.14,11.38,0
74.29,149.11,49.42,1
17.36,120.67,13.5,0
11.79,109.14,36.38,1
37.92,153.7,46.05,1
103.06,226.04,36.33,1
49.25,146.88,55.0,1
9.89,74.05,5.09,0
140.46,369.87,17.28,1
45.03,171.19,45.64,1
69.11,215.83,9.81,1
7.74,105.39,13.77,1
124.9,540.23,30.79,1
25.29,158.05,23.68,0
7.02,243.12,29.74,1
41.46,145.82,24.86,1
69.09,239.87,26.18,1
54.83,167.74,14.65,1
54.13,268.9,25.7,1
51.33,142.58,18.0,1
38.66,97.78,19.52,0
7.71,154.14,36.1,0
29.52,252.51,9.47,1
26.28,141.27,3.62,0
87.86,177.58,34.66,1
74.36,126.27,25.72,0
23.46,248.24,46.03,1
61.53,132.39,14.01,0
33.04,129.86,21.63,1
6.32,101.8,24.2,1
2.28,122.89,15.79,0
56.37,226.33,12.88,1
13.32,361.22,35.63,1
13.26,163.42,8.84,0
18.93,71.05,11.53,0
57.28,174.23,21.2,1
75.07,226.56,37.95,1
73.96,319.59,16.44,1
5.45,235.15,15.16,0
18.2,132.41,20.46,0
15.61,146.23,28.19,0
57.25,199.06,18.6,1
18.47,149.4,40.64,0
31.15,147.98,41.59,1
61.02,349.35,21.2,1
36.14,116.22,55.0,1
44.89,252.14,23.89,1
30.24,216.12,40.82,1
69.71,183.86,27.75,1
74.65,151.45,27.45,1
51.31,177.18,7.44,1
74.86,249.02,10.88,1
171.45,184.68,19.19,1
60.27,116.98,41.41,1
33.92,54.37,27.97,0
45.67,193.3,19.29,1
80.2,223.91,32.38,1
25.03,86.22,40.57,1
23.34,96.3,23.02,0
45.1,184.11,26.09,1
33.43,74.21,24.2,0
15.46,195.71,22.17,1
40.0,146.38,13.91,0
91.74,212.57,13.22,1
50.06,177.15,32.27,1
12.64,65.45,41.0,0
56.01,183.51,19.27,1
28.19,196.25,19.0,1
135.28,213.01,6.0,1
52.84,124.99,5.16,0
21.31,357.1,46.81,1
59.08,126.4,14.5,1
42.21,135.9,55.0,1
85.8,345.53,16.16,1
23.24,61.97,7.62,0
52.75,165.04,24.31,1
7.71,173.72,35.4,1
38.69,155.28,33.23,0
12.3,46.72,37.37,0
41.16,97.81,12.14,1
48.23,78.64,46.2,1
51.28,159.01,47.69,1
23.21,174.98,48.83,1
39.59,116.92,26.61,0
78.6,176.59,18.37,1
110.7,208.36,17.38,1
40.63,276.6,7.59,1
80.09,217.9,16.38,1
16.75,143.95,3.39,0
26.37,241.12,6.84,0
44.06,90.0,26.45,1
33.6,170.33,19.67,0
30.89,116.64,25.8,0
74.4,328.73,33.9,1
14.33,230.08,28.55,1
15.73,101.43,27.19,0
10.43,112.14,21.77,0
45.06,109.69,14.17,0
28.16,224.64,9.87,1
69.44,241.86,16.65,1
42.22,147.42,21.99,0
22.75,127.25,23.63,0
19.85,110.07,37.41,1
32.01,277.47,20.84,0
12.48,123.46,31.19,0
75.62,168.07,8.38,1
27.05,212.53,26.67,1
8.63,27.68,25.6,0
86.16,186.78,46.21,1
32.39,232.61,19.68,0
55.76,332.86,19.18,1
23.03,102.54,34.03,1
88.2,249.21,10.4,1
17.56,96.74,26.27,0
28.15,380.13,10.04,1
5.88,137.78,55.0,1
86.74,258.43,17.66,1
20.62,43.33,9.59,0
45.86,135.44,16.58,1
50.74,236.76,26.36,1
77.24,122.9,30.65,1
43.33,175.03,44.89,1
33.94,318.16,15.35,1
71.83,263.79,34.9,1
50.13,214.5,6.84,1
29.94,122.91,11.58,1
89.4,143.97,8.55,1
52.99,169.04,13.65,1
11.45,187.23,34.02,0
100.49,165.12,15.58,1
22.53,213.49,17.47,0
76.98,213.02,26.77,1
8.8,81.13,29.93,0
71.52,109.12,17.8,1
12.17,57.22,11.53,0
42.47,155.83,52.41,1
51.93,279.01,17.87,1
30.46,103.48,18.98,0
37.14,281.38,20.46,1
14.83,49.08,31.71,0
66.4,191.6,8.06,1
44.18,161.89,55.0,1
17.46,169.97,18.66,0
45.44,180.16,32.32,0
46.49,138.7,9.67,1
38.52,131.18,25.23,1
2.36,205.91,55.0,1
27.02,156.25,53.76,0
65.69,87.38,31.84,1
54.04,152.11,13.06,1
52.88,156.43,43.59,1
43.93,147.12,6.8,0
71.07,257.9,12.75,1
22.41,106.16,21.85,0
18.5,159.96,7.27,0
117.65,404.66,16.56,1
20.43,248.44,35.29,1
11.04,90.02,14.56,0
30.02,161.49,36.22,1
39.6,52.74,55.0,1
71.39,241.49,28.6,1
27.07,78.9,35.87,0
26.88,147.57,44.41,1
36.85,147.84,17.53,0
23.38,244.74,35.4,1
8.92,151.03,17.26,0
11.94,122.42,27.46,0
84.88,261.73,38.4,1
61.08,302.89,13.46,1
35.89,52.91,3.68,0
53.91,135.88,12.64,0
62.37,354.1,41.55,1
21.38,393.07,11.61,1
14.69,86.69,40.28,0
79.01,280.55,12.68,1
3.31,75.18,20.06,0
54.53,113.48,22.75,0
42.03,155.19,11.58,1
73.67,288.84,20.2,1
55.97,160.49,7.61,1
53.67,267.21,18.5,1
16.12,241.12,21.66,0
64.05,154.18,3.84,1
49.8,138.25,12.57,1
18.11,124.38,26.98,0
42.32,165.74,10.7,0
13.12,127.63,29.55,0
32.09,162.52,31.2,0
149.93,244.28,26.91,1
15.31,70.51,35.16,1
8.82,339.01,7.25,1
12.09,94.0,39.35,1
31.72,68.42,11.7,0
58.91,243.79,24.3,1
37.7,100.17,55.0,1
10.2,184.54,18.26,0
58.37,137.93,23.09,1
5.06,371.11,11.75,0
11.41,274.91,55.0,0
22.56,131.8,12.59,0
77.11,241.67,32.73,1
38.87,184.49,44.37,1
40.05,117.73,34.49,1
10.38,191.46,27.87,0
24.52,154.31,24.08,1
69.49,210.37,9.6,1
47.49,220.01,55.0,1
59.9,176.33,26.57,1
35.71,107.01,23.1,0
70.02,234.6,11.08,1
10.31,200.61,23.76,1
31.12,221.99,22.25,1
52.8,246.01,55.0,1
7.12,159.75,23.09,0
1.5,39.79,23.54,0
117.72,493.12,11.17,1
39.28,228.78,14.24,1
6.33,104.1,30.58,0
38.52,244.26,6.25,1
11.58,69.29,39.24,0
16.11,191.09,39.82,1
78.91,183.1,13.29,1
23.04,82.99,27.92,0
22.88,82.15,45.16,0
11.2,170.59,21.19,0
27.38,197.98,18.88,1
41.25,109.47,20.3,0
23.02,128.12,26.53,0
138.49,288.76,15.43,1
14.14,103.08,17.91,0
14.06,354.27,26.84,1
26.47,187.03,17.01,0
127.66,244.26,10.52,1
60.61,284.16,5.83,1
22.37,190.8,23.35,0
22.38,173.45,43.62,1
13.63,175.94,28.73,0
25.83,218.07,10.8,0
30.43,114.14,14.17,0
58.63,89.93,18.79,1
50.04,284.23,55.0,1
25.12,155.2,55.0,1
97.13,191.08,55.0,1
19.79,90.89,24.75,0
8.63,73.67,55.0,1
42.74,181.19,14.63,0
74.91,197.66,18.37,1
34.61,259.82,37.57,1
10.75,183.72,26.92,0
40.14,230.47,27.8,1
44.06,262.7,12.04,1
47.59,190.39,22.15,1
40.76,324.05,14.76,1
81.88,162.79,9.13,1
13.31,229.4,15.89,1
0.62,31.59,26.92,1
5.07,37.3,34.21,0
10.59,67.23,5.67,0
66.02,182.97,22.77,1
27.38,55.74,21.56,0
102.4,217.0,26.13,1
12.36,109.74,10.94,0
101.0,457.95,11.08,1
16.28,63.0,44.27,0
30.39,165.24,13.4,0
6.39,177.09,17.83,0
91.97,124.97,18.96,1
33.81,306.42,14.94,1
142.64,330.5,30.05,1
77.34,313.11,28.63,1
29.78,175.96,20.99,0
18.78,94.32,15.5,0
68.11,111.31,20.01,0
36.67,234.36,23.89,1
17.88,112.29,14.18,0
38.78,63.73,31.31,0
4.09,104.47,39.08,0
48.27,170.5,48.41,1
55.28,310.91,46.8,1
11.93,117.78,18.89,1
83.41,206.24,24.59,1
71.48,195.51,20.76,1
45.04,258.25,20.71,1
15.18,92.1,19.93,0
57.7,215.26,23.01,1
26.15,115.16,42.62,1
41.55,293.83,27.39,1
61.73,347.1,10.61,1
8.79,144.03,38.17,1
6.06,157.1,25.92,1
24.02,131.43,30.24,1
126.72,158.85,27.08,1
146.61,271.3,27.79,1
47.46,165.21,28.52,1
72.89,171.71,6.61,1
34.95,141.07,30.03,0
38.8,197.6,14.58,0
30.36,181.61,16.98,0
79.17,187.07,22.91,1
103.19,368.42,52.55,1
38.1,66.36,11.86,0
38.67,118.11,22.45,0
31.65,229.16,19.64,1
104.97,141.26,37.87,1
66.58,94.4,19.31,1
14.84,93.63,26.09,0
124.14,242.87,11.88,1
2.21,93.32,41.39,1
97.93,236.24,8.6,1
74.77,104.58,29.8,1
38.19,111.76,26.18,0
37.46,217.32,28.39,1
32.96,190.99,8.69,0
15.53,98.63,19.07,0
117.57,250.14,36.86,1
36.59,153.8,55.0,1
15.27,134.58,21.48,0
112.79,257.77,34.97,1
51.48,346.58,24.75,1
53.79,352.57,22.14,1
130.22,167.12,17.76,1
59.3,163.48,22.97,1
21.48,76.13,33.26,1
59.24,211.54,34.78,1
16.9,124.73,9.94,0
25.18,243.23,16.8,0
46.31,168.74,11.49,1
72.12,343.89,23.65,1
22.59,328.12,18.67,1
32.19,298.29,27.85,1
31.91,54.0,28.94,0
81.03,225.03,4.26,1
37.43,135.72,22.87,1
123.03,230.97,43.07,1
25.17,222.72,16.8,0
23.46,126.08,16.5,0
96.72,223.84,39.05,1
55.8,187.25,35.67,1
94.26,122.52,12.28,1
11.5,104.58,33.76,0
36.74,263.59,14.08,1
46.27,70.97,16.39,0
43.86,213.03,12.27,0
32.61,101.1,9.89,0
43.19,140.06,24.45,0
44.95,233.56,8.88,1
22.9,80.65,25.02,0
78.76,181.04,24.57,1
113.7,150.69,20.91,1
62.9,218.78,17.29,0
50.28,124.33,15.27,0
34.92,79.57,11.26,0
45.98,168.48,48.6,1
49.51,85.2,20.37,1
15.59,110.69,19.97,0
76.08,145.7,12.66,1
26.63,165.58,45.84,1
100.24,241.03,15.87,1
42.12,120.09,26.4,0
77.0,345.02,29.31,1
62.23,282.62,24.46,1
11.66,74.57,8.73,0
94.21,493.64,32.97,1
19.63,203.12,15.77,0
25.15,173.27,35.47,1
27.06,181.06,22.04,0
7.67,59.33,30.31,1
43.61,284.6,44.2,1
80.37,108.81,32.3,1
98.58,252.06,30.72,1
32.6,254.68,33.79,1
37.18,103.68,13.77,0
65.32,256.39,36.3,1
33.33,163.0,19.45,0
85.4,283.49,19.83,1
35.76,252.05,24.02,1
17.31,299.21,18.38,1
44.46,291.69,11.98,1
9.38,41.13,22.98,0
44.02,108.0,19.89,0
50.42,213.51,19.47,1
19.72,237.69,21.63,0
48.97,106.98,4.64,0
30.2,211.51,19.55,0
19.0,276.36,47.2,1
8.05,221.24,45.19,1
10.52,190.19,23.44,1
107.2,224.49,22.98,1
29.21,142.97,3.68,0
49.52,412.39,16.33,1
32.39,37.5,33.61,0
109.0,196.83,18.11,1
19.08,83.07,39.91,0
39.67,84.1,38.6,0
25.01,198.31,16.14,0
76.42,235.89,24.46,1
49.14,173.11,49.23,1
38.56,197.97,8.59,1
12.01,209.98,18.36,1
142.15,249.16,7.98,1
33.14,199.26,13.14,1
16.33,117.28,55.0,1
8.09,177.52,18.35,1
10.16,268.47,5.58,0
38.28,247.86,11.9,0
77.25,387.6,7.37,1
46.76,134.87,25.01,1
8.61,83.99,29.07,0
38.22,195.57,36.57,1
93.66,183.6,32.62,1
28.39,202.18,8.89,0
46.86,185.74,28.25,1
29.42,94.12,21.08,0
54.67,216.23,39.47,1
18.82,86.63,34.67,0
0.38,269.29,55.0,1
12.72,121.17,12.53,0
25.52,100.36,11.38,0
35.3,176.74,16.96,0
26.38,177.21,21.57,0
25.94,112.16,14.96,0
77.71,161.28,12.96,1
14.81,50.18,27.2,0
38.42,241.59,16.93,1
9.22,273.84,14.56,1
62.93,284.33,8.87,1
45.86,119.17,3.96,0
140.32,299.39,45.97,1
14.26,157.06,45.23,1
112.55,155.51,35.25,1
16.18,101.95,30.79,1
28.21,180.66,15.98,1
10.91,35.65,31.49,0
139.11,196.65,10.84,1
51.15,240.62,24.13,1
51.55,123.17,13.79,0
17.59,60.98,31.56,0
2.6,217.4,51.03,1
27.27,98.91,11.87,0
23.14,213.44,16.47,0
5.45,311.67,23.87,0
28.79,85.07,6.13,0
38.47,149.39,7.63,1
53.72,197.38,50.22,1
3.19,215.75,27.27,0
11.61,97.15,15.43,0
18.17,32.27,22.42,0
80.1,136.35,17.0,1
79.04,176.01,24.28,1
49.11,239.21,17.39,1
28.37,140.0,21.4,0
83.56,266.38,33.12,1
44.72,139.45,31.95,0
80.35,215.89,48.7,1
50.8,249.28,28.37,1
6.43,235.86,23.25,0
2.54,347.86,52.62,1
26.03,172.84,20.11,0
68.49,98.0,4.31,1
22.88,185.21,35.49,1
94.85,122.71,26.5,1
64.15,238.09,22.62,1
89.17,221.77,36.01,1
26.65,248.97,17.49,0
15.3,109.62,4.49,0
13.21,149.71,36.4,1
54.38,218.36,15.09,1
7.13,24.41,12.19,0
7.68,167.18,4.7,0
21.71,40.38,34.73,0
43.45,118.45,3.07,0
18.45,168.19,44.01,1
79.16,102.7,18.54,1
90.05,268.82,35.65,1
1.18,171.23,28.85,0
51.52,268.27,55.0,1
22.97,58.34,28.41,0
70.7,410.42,43.13,1
52.82,101.91,16.15,0
41.9,177.83,7.61,0
33.1,131.3,38.69,1
7.73,121.2,7.44,0
153.95,465.57,34.52,1
11.47,66.09,11.24,0
113.38,397.62,26.79,1
60.44,254.41,55.0,1
23.99,145.56,33.05,1
20.97,141.77,20.16,0
7.35,177.82,29.23,0
37.79,131.43,16.51,0
7.0,112.75,55.0,1
82.33,217.79,14.38,1
45.16,311.04,21.49,1
35.85,148.31,31.42,0
39.58,71.55,28.05,0
46.55,185.5,29.84,1
27.78,144.55,16.73,0
30.98,110.69,19.66,0
121.65,273.95,37.72,1
76.71,158.31,36.7,1
58.58,169.28,28.43,1
24.0,159.83,46.05,1
4.35,148.47,38.54,0
53.73,213.5,36.1,1
39.49,212.79,7.34,1
30.42,164.46,28.23,0
34.5,72.81,25.42,1
12.18,159.51,49.24,1
16.02,229.36,1.89,0
76.82,108.04,20.77,0
2.94,41.59,24.23,0
69.27,142.05,11.14,1
97.78,303.45,12.63,1
52.9,122.78,49.33,1
51.0,258.36,29.78,1
15.88,157.8,55.0,1
18.23,102.27,20.55,1
25.75,530.63,8.65,1
9.71,59.41,18.82,1
17.0,141.92,16.9,0
39.38,103.44,33.69,1
24.42,175.9,32.94,1
42.11,108.28,30.61,1
76.62,168.7,55.0,1
41.85,117.03,44.6,1
51.42,155.28,13.22,1
6.86,219.03,39.23,0
75.66,120.01,23.31,1
6.64,77.34,20.21,0
22.97,117.67,47.63,1
12.82,119.44,12.67,1
4.38,260.12,37.81,0
40.19,113.22,34.59,0
54.75,261.51,12.51,0
99.51,374.11,7.15,1
44.73,155.7,21.82,1
16.9,77.89,1.68,0
23.92,260.99,41.71,1
5.31,201.81,28.17,0
26.16,82.97,48.46,1
35.43,334.72,27.09,1
53.06,130.78,50.22,1
63.9,173.8,15.8,0
51.77,229.51,30.56,1
15.24,293.92,17.99,0
11.31,157.58,21.42,0
60.61,163.33,24.18,1
4.18,97.55,28.12,0
133.02,235.67,14.45,1
18.42,413.68,29.74,1
83.12,241.68,23.48,1
21.61,155.98,9.0,0
55.71,253.4,6.36,1
11.74,119.02,41.8,0
37.15,307.45,20.8,1
5.76,172.3,8.32,0
46.57,147.65,54.67,1
11.53,99.7,31.44,0
13.47,48.13,27.7,0
25.03,236.9,13.62,1
29.6,73.57,8.91,0
53.12,314.56,25.44,1
49.25,118.7,22.63,0
40.26,115.72,11.26,0
69.11,408.99,10.99,1
48.22,250.8,10.62,1
50.86,183.14,10.36,0
13.34,334.87,15.47,0
72.93,190.35,27.7,1
66.67,157.81,30.37,0
41.79,181.67,22.35,1
64.94,285.31,24.77,1
34.9,86.59,31.19,1
102.98,177.27,5.12,1
38.86,100.89,25.9,1
33.96,88.98,45.69,1
48.48,158.33,20.48,0
117.82,172.01,40.87,1
22.22,53.38,20.7,0
46.12,120.0,32.35,1
23.7,94.34,27.38,0
33.92,194.83,10.5,0
16.83,226.09,12.24,1
49.86,131.5,50.21,1
36.38,111.24,36.3,1
63.96,393.03,21.54,1
76.92,281.76,19.87,1
85.22,235.62,13.68,1
24.51,123.61,28.72,0
48.56,250.74,14.45,1
89.06,147.44,18.33,1
16.72,224.26,15.43,0
39.5,205.08,35.05,1
17.78,202.13,21.01,0
116.76,249.97,24.88,1
88.35,135.1,10.64,1
54.87,114.43,15.36,1
54.24,225.14,25.2,1
19.38,179.97,7.45,0
95.65,183.07,20.08,1
28.47,114.72,22.76,0
21.14,261.4,9.73,1
79.88,202.72,39.88,1
26.26,97.52,27.94,0
21.92,284.47,20.92,0
66.63,315.33,14.67,1
12.33,135.03,7.24,1
55.36,193.83,38.22,1
39.85,245.11,17.3,1
62.72,240.8,8.65,1
50.99,96.53,14.4,1
167.54,435.03,29.63,1
42.76,81.88,26.32,0
26.19,185.87,11.3,1
36.54,89.55,41.95,1
50.59,228.47,8.56,1
112.37,189.02,46.69,1
57.98,138.17,25.68,1
18.45,216.95,18.12,0
220.0,272.99,19.68,1
74.71,162.01,24.01,0
17.48,71.9,30.92,0
13.44,145.8,6.3,0
11.09,64.79,14.1,0
35.06,186.76,23.57,1
36.23,283.08,42.82,1
20.73,46.04,41.94,0
9.48,86.39,51.93,0
13.73,71.8,40.85,0
58.83,104.98,13.42,1
28.87,178.17,22.7,0
15.27,154.24,40.98,1
39.75,306.29,38.81,1
45.71,232.01,20.28,1
49.51,176.31,30.44,1
38.6,183.87,17.24,1
34.12,121.31,8.08,0
84.52,232.69,21.36,1
14.29,53.73,20.6,0
30.64,142.9,16.73,0
5.1,167.6,30.99,0
27.45,136.0,19.88,0
41.93,120.85,28.61,0
66.16,196.47,34.7,1
5.3,76.4,55.0,1
40.98,145.42,21.57,1
123.73,320.64,43.15,1
52.28,256.46,26.1,1
11.84,152.61,26.97,0
27.49,89.35,21.74,0
53.53,151.6,24.81,1
21.58,153.36,19.99,0
44.66,121.04,39.1,0
42.71,350.81,14.44,1
34.65,112.19,8.02,0
10.6,136.99,16.39,1
19.59,52.06,15.32,0
132.16,343.82,16.39,1
26.01,306.15,21.07,1
28.71,89.63,16.43,0
28.58,68.97,20.89,0
65.01,204.76,16.46,1
29.89,358.99,28.95,1
35.28,80.6,55.0,0
41.0,141.42,25.8,1
70.22,217.29,16.88,1
35.41,165.27,3.66,0
38.46,199.4,55.0,1
22.5,279.99,26.64,1
45.44,259.57,20.78,1
55.43,154.43,3.86,1
58.21,103.01,21.43,1
118.75,342.24,24.69,1
18.37,118.58,16.49,0
36.56,165.38,9.16,1
30.05,231.58,8.73,0
104.65,324.15,55.0,1
59.82,254.67,24.28,1
7.62,306.08,16.49,0
20.88,141.25,23.45,1
27.2,107.97,22.52,0
8.89,74.73,8.42,0
38.73,122.51,37.69,1
23.36,109.34,20.46,0
122.23,263.28,24.47,1
45.16,215.86,49.33,1
26.32,85.88,9.36,0
15.19,217.07,13.96,0
34.16,247.37,27.45,1
98.62,115.57,37.28,1
30.33,203.44,15.53,1
34.4,126.11,16.09,0
77.06,329.22,32.55,1
44.2,163.24,55.0,1
64.09,138.34,23.9,1
47.54,106.69,13.93,0
45.6,179.77,11.39,0
7.17,99.94,21.03,0
13.25,61.68,36.34,0
40.74,79.45,55.0,1
16.52,162.99,18.97,0
34.19,77.53,23.92,0
12.1,31.41,54.67,0
77.5,292.47,27.19,1
18.36,82.75,25.91,0
15.14,175.49,48.99,1
9.56,142.07,24.25,1
57.75,137.29,12.03,0
34.15,302.52,43.6,1
75.54,250.95,7.42,1
22.64,137.19,39.62,1
12.92,81.4,22.83,0
32.96,200.35,19.1,0
86.09,268.76,18.8,1
6.97,132.36,20.99,1
43.46,159.82,17.44,1
46.78,221.91,29.46,1
95.87,208.78,17.82,1
17.17,90.54,5.51,0
6.45,52.16,22.93,0
24.59,138.04,5.24,0
63.45,108.13,22.84,1
35.9,219.88,17.23,1
50.46,163.91,38.03,1
13.72,214.07,19.58,1
28.88,167.44,35.01,1
36.93,197.69,32.82,1
8.17,85.99,33.32,0
36.76,145.62,20.0,1
26.72,164.16,23.72,1
190.01,318.22,29.02,1
34.78,159.7,24.15,0
99.45,158.1,19.6,1
50.18,81.9,12.77,0
31.55,87.38,23.08,1
89.57,104.65,8.04,1
11.85,47.2,4.92,0
24.13,167.48,10.88,0
66.13,166.49,33.11,1
2.97,73.44,26.21,0
33.88,133.03,33.29,1
33.66,60.25,14.78,0
42.4,154.15,40.17,1
29.13,77.27,8.74,0
64.25,296.19,11.16,1
17.97,183.03,39.79,0
70.67,227.56,25.13,1
13.33,140.18,33.41,1
44.94,218.27,26.27,1
82.37,194.47,16.13,1
16.57,85.77,10.26,0
20.43,178.9,6.01,0
72.4,279.09,55.0,1
40.21,101.19,7.21,0
6.54,45.56,48.09,1
41.4,355.35,24.34,1
56.7,305.37,26.74,1
74.5,193.97,25.75,0
44.14,66.06,31.1,1
51.41,189.29,13.88,1
106.19,513.9,4.37,1
67.51,240.03,15.92,1
28.27,192.53,29.63,1
31.32,145.45,11.23,1
80.06,235.76,40.72,1
43.47,215.5,21.22,1
38.77,169.88,10.53,1
27.55,131.79,24.99,0
77.96,210.4,29.35,1
17.47,146.25,30.56,0
24.18,49.55,1.77,0
77.79,441.81,1.47,1
77.14,241.48,39.81,1
150.36,377.13,8.25,1
33.98,174.71,39.84,1
27.9,113.05,41.88,1
30.25,230.02,10.28,0
7.49,44.83,11.73,0
3.72,171.96,34.35,0
44.03,242.5,17.89,1
26.19,139.1,45.29,1
18.6,177.48,52.25,1
38.34,64.07,10.52,0
44.81,207.8,13.7,1
32.15,127.68,24.24,0
32.81,192.17,4.26,0
25.93,141.91,6.16,0
59.8,174.9,12.69,1
22.79,185.03,55.0,1
15.2,113.7,26.42,1
25.03,137.54,15.17,0
42.55,364.22,11.67,1
62.4,297.74,10.2,1
120.34,224.54,15.88,1
38.49,155.83,15.31,0
100.31,181.71,19.88,1
21.16,116.91,30.15,1
18.03,116.61,21.75,0
49.72,177.04,35.5,1
55.2,83.65,19.02,1
41.49,135.62,54.44,1
192.84,277.42,35.02,1
22.2,275.2,26.0,1
87.64,204.19,30.21,1
18.47,156.1,16.15,1
58.39,150.88,19.69,1
37.23,154.34,19.23,0
43.66,139.4,14.03,1
50.11,178.54,9.0,0
38.29,196.97,31.14,1
32.72,82.39,38.65,1
5.73,177.35,28.66,0
69.42,134.57,21.72,1
11.19,339.23,55.0,1
26.45,153.3,15.04,0
46.05,182.57,26.52,0
13.35,153.03,41.75,0
32.69,154.83,10.94,0
63.98,140.45,32.49,0
25.94,162.67,55.0,1
33.13,165.35,22.8,0
16.03,86.86,25.16,0
28.55,78.63,15.1,0
11.51,210.56,30.01,1
42.09,136.12,13.81,1
8.95,116.95,22.0,0
21.49,154.07,8.22,0
37.48,112.66,2.66,1
30.98,174.59,17.05,0
47.95,159.03,16.88,1
33.21,150.57,17.97,1
5.71,226.83,34.43,1
13.14,142.88,39.25,0
36.12,140.99,27.16,1
76.08,137.56,33.09,1
66.93,206.22,14.07,1
189.5,383.96,11.93,1
23.63,129.58,30.36,1
62.47,256.06,10.84,1
59.39,199.79,10.02,1
102.86,226.74,55.0,1
84.66,234.93,23.67,1
44.45,95.88,16.88,0
55.43,150.36,15.7,1
48.08,145.2,8.39,0
35.07,143.77,26.83,1
52.61,351.13,19.0,1
41.11,167.38,38.64,1
39.81,85.93,30.9,1
106.1,187.56,18.6,1
45.09,162.5,5.22,0
38.5,167.95,23.71,1
31.73,46.17,22.47,1
29.6,187.41,4.37,0
12.76,174.44,28.9,1
35.1,94.77,10.59,0
78.77,270.17,39.76,1
23.05,128.55,21.67,1
3.2,70.57,15.42,0
51.19,108.07,25.68,1
42.27,198.18,24.77,1
104.84,189.7,24.24,1
20.97,158.34,36.87,1
11.36,67.12,26.59,0
30.44,128.27,14.56,0
26.71,176.88,19.35,0
7.37,224.71,47.62,1
38.77,269.23,13.73,1
24.93,239.82,28.64,1
92.04,513.39,37.62,1
39.25,177.85,30.22,1
18.75,73.4,23.79,0
35.6,118.26,25.97,1
41.66,268.63,31.3,1
54.8,130.79,13.63,1
36.95,48.15,22.56,0
132.98,233.04,55.0,1
12.37,201.55,29.14,0
24.59,106.24,24.29,0
18.82,252.12,18.18,0
27.73,342.58,13.73,1
45.47,182.15,26.47,1
43.16,389.27,27.53,1
53.86,324.75,21.67,1
39.07,231.65,55.0,1
40.85,188.32,14.5,1
39.67,179.57,12.39,1
25.64,138.86,18.34,0
24.1,189.0,22.08,1
18.49,46.06,13.27,0
55.89,333.62,26.11,1
4.09,353.62,27.74,1
40.19,66.13,33.39,1
63.31,249.24,16.57,1
75.09,340.29,45.46,1
2.61,131.53,32.14,1
26.3,136.09,14.32,0
19.45,114.72,13.23,0
24.54,108.75,19.11,0
85.96,229.6,27.78,1
19.56,251.79,30.09,1
63.2,93.24,32.11,1
40.61,103.77,55.0,1
23.68,104.08,6.51,0
21.72,63.29,21.32,0
43.76,218.08,55.0,1
34.14,195.17,34.24,1
6.82,206.14,11.89,0
15.75,37.92,25.36,1
44.59,230.28,20.58,1
11.83,243.28,20.14,1
69.5,245.84,16.37,1
8.71,131.43,24.19,0
29.16,141.56,40.91,1
57.11,209.2,17.29,0
14.63,156.34,32.24,0
11.06,93.08,35.39,0
50.01,73.83,45.26,1
64.6,154.31,13.09,1
30.83,357.55,23.09,1
25.72,52.63,15.22,0
8.36,148.68,24.21,0
37.92,321.25,24.12,1
5.66,207.81,11.03,0
86.77,307.01,25.04,1
32.01,238.16,55.0,1
16.05,57.99,30.15,1
21.54,276.32,9.55,0
40.12,315.49,12.56,1
24.66,76.45,22.41,0
35.32,130.08,12.75,0
14.02,144.12,43.94,1
76.11,171.62,8.76,1
21.93,99.26,30.27,0
3.82,82.36,7.49,0
26.43,211.75,22.2,0
19.19,235.65,11.56,1
72.69,151.46,33.35,1
16.12,231.76,39.98,1
24.38,119.62,27.73,0
40.96,95.24,40.98,1
54.1,203.99,3.45,1
90.65,217.15,24.86,1
17.33,170.58,30.03,0
83.97,235.73,32.2,1
70.79,213.29,5.91,1
18.94,136.69,29.05,1
17.02,229.91,32.59,1
47.59,224.85,24.7,1
34.67,132.02,9.61,0
47.5,143.34,16.3,1
27.11,66.36,44.06,1
37.37,81.27,41.39,1
32.17,144.85,29.72,0
47.03,244.59,33.74,0
16.5,86.87,38.76,1
39.55,221.47,29.53,1
89.41,228.92,43.39,1
86.0,159.34,42.61,1
43.01,172.37,55.0,1
16.2,142.55,16.72,0
118.69,194.16,16.91,1
47.04,222.06,2.18,0
111.05,319.57,28.31,1
48.45,151.29,55.0,1
2.2,60.12,45.24,1
118.18,332.46,36.05,1
64.02,105.93,46.92,1
36.31,183.06,30.33,1
6.33,76.65,19.25,0
68.93,123.52,55.0,1
48.12,136.49,29.1,1
140.81,267.06,42.1,1
103.78,166.51,3.43,1
108.9,157.33,4.09,1
42.17,75.1,25.31,1
40.77,324.23,12.76,1
48.51,202.21,26.65,1
20.74,94.43,16.9,0
37.13,195.29,55.0,1
31.64,157.14,40.29,1
82.33,267.95,49.38,1
93.91,201.85,4.84,1
58.34,262.97,35.78,1
17.88,98.62,20.63,1
123.23,262.05,49.89,1
68.68,266.06,32.94,1
46.1,189.0,22.43,1
54.51,387.27,10.33,1
10.11,193.7,25.03,1
31.68,188.29,43.52,1
87.16,185.69,51.45,1
9.61,150.2,18.49,0
9.31,247.54,55.0,1
68.99,159.8,41.68,1
51.8,120.48,12.93,0
9.73,100.87,11.02,0
29.47,117.56,21.41,0
46.1,215.3,18.46,1
42.18,353.1,30.47,1
48.79,92.17,23.52,0
27.74,48.96,19.42,0
43.79,171.42,7.81,0
58.27,121.19,33.5,1
55.13,205.53,7.32,1
28.41,189.22,41.76,1
62.14,150.49,5.31,0
16.11,188.01,7.0,0
21.54,100.73,12.89,0
68.92,148.02,17.45,1
61.24,132.65,15.27,0
30.47,122.24,17.41,0
21.17,141.39,26.96,0
23.62,135.93,13.09,0
56.48,191.09,27.1,1
49.18,216.05,3.47,0
20.06,155.72,12.77,1
60.94,341.29,6.74,1
29.43,154.89,41.49,1
16.6,205.75,14.25,0
25.66,64.85,32.33,0
39.28,173.91,5.83,0
59.45,170.97,50.98,1
56.79,162.22,24.33,1
33.96,269.47,55.0,1
42.79,382.87,22.71,1
31.73,199.61,7.88,1
20.09,52.69,11.72,0
34.94,120.39,19.8,0
6.27,50.59,12.03,0
95.12,227.64,39.23,1
41.98,197.54,23.9,0
50.57,87.28,12.13,0
20.84,279.96,35.92,1
41.71,95.72,18.21,0
46.92,198.27,35.01,1
30.57,286.52,16.42,1
31.85,165.91,31.07,0
11.7,87.68,17.81,0
115.82,188.89,39.24,1
20.58,156.8,5.94,0
22.86,212.23,9.75,1
99.17,247.41,20.9,1
52.25,124.25,14.67,1
59.79,169.67,17.47,1
10.98,76.55,33.12,0
41.34,106.41,17.24,0
11.11,73.87,27.67,0
18.11,113.4,12.71,0
126.86,243.9,4.95,1
15.33,140.78,34.88,0
57.84,201.48,55.0,1
16.65,91.4,26.01,0
18.47,137.02,21.6,0
177.96,305.46,24.41,1
34.09,257.89,47.11,1
10.22,47.85,26.19,0
59.54,105.29,35.84,1
83.05,246.05,34.95,1
63.37,236.29,41.11,1
31.86,195.25,21.32,0
32.69,195.09,16.28,1
24.05,64.48,31.27,0
13.71,324.95,39.49,1
46.29,255.91,43.7,1
30.67,71.57,50.34,1
11.27,112.42,37.51,0
34.73,132.4,15.71,1
20.69,132.64,25.99,0
44.56,134.66,24.65,0
41.44,98.3,23.08,0
27.41,156.27,31.31,1
35.98,267.98,20.14,1
38.32,126.72,20.16,1
68.9,211.87,55.0,1
35.0,148.91,22.0,1
24.52,186.87,40.94,1
29.59,137.49,42.27,1
110.15,190.52,26.41,1
17.18,108.67,20.64,0
31.11,258.08,13.05,0
30.75,153.36,7.23,0
31.76,152.0,32.59,1
13.28,236.27,28.91,0
29.47,275.72,35.34,1
23.52,45.33,16.95,0
44.42,90.98,55.0,1
75.69,262.8,30.39,1
46.92,172.92,21.5,1
39.37,286.14,4.7,1
50.24,88.04,18.16,0
42.06,178.9,36.29,1
35.76,202.94,49.62,1
67.15,165.78,23.56,1
28.85,209.9,54.1,1
13.11,202.28,12.4,1
22.89,137.62,29.42,1
20.5,130.56,29.9,1
129.85,329.51,32.74,1
78.69,214.01,25.5,1
39.72,200.37,28.49,1
20.94,155.86,12.2,0
66.69,197.65,47.0,1
38.61,148.51,38.7,1
28.9,195.68,27.85,1
38.84,109.43,39.21,1
29.5,68.67,47.83,1
49.83,169.92,32.47,1
12.03,260.9,55.0,1
49.58,185.03,34.01,1
29.47,133.32,13.5,0
67.69,163.51,27.04,1
79.91,171.85,40.07,1
91.51,105.09,47.85,1
136.13,365.89,25.82,1
89.43,175.61,12.8,1
66.26,187.7,20.37,1
13.64,113.75,9.22,0
3.28,80.48,36.0,1
72.44,308.79,18.02,1
18.03,76.66,14.91,1
198.16,368.24,37.98,1
9.1,52.64,53.5,0
64.36,174.83,14.87,1
41.97,260.0,25.92,1
10.18,99.74,20.9,0
41.78,203.31,49.08,1
20.0,107.02,22.36,1
34.18,132.62,12.0,0
34.54,217.63,23.01,1
20.24,183.85,43.48,0
27.5,277.88,20.16,1
18.65,107.97,15.89,0
6.56,152.98,21.76,0
39.28,164.85,12.26,0
89.13,237.92,20.88,1
19.6,228.24,16.66,0
119.39,199.04,55.0,1
135.74,278.79,5.64,1
25.69,260.5,13.46,0
30.68,156.33,15.88,0
26.09,208.41,12.32,0
13.83,43.93,29.58,0
30.8,159.81,14.7,1
28.18,120.75,8.51,0
38.79,57.14,24.58,0
40.35,202.52,19.45,1
12.89,156.48,15.15,0
55.7,126.81,48.4,1
30.52,77.67,30.15,1
15.28,332.67,28.25,1
29.98,180.19,30.54,1
41.5,189.64,29.65,1
100.33,178.58,20.06,1
89.84,190.16,14.8,1
23.98,260.21,24.9,1
32.14,159.31,19.84,1
18.18,258.94,5.57,0
46.48,196.99,11.6,0
25.05,237.02,18.33,1
31.31,59.66,38.44,0
74.19,149.71,24.96,1
12.84,138.63,13.13,0
89.98,195.44,10.93,1
49.8,212.56,43.04,1
87.18,134.38,20.63,1
61.79,109.67,1.91,0
69.71,229.0,21.43,1
37.36,244.26,33.9,1
14.93,114.89,10.7,1
22.53,277.02,23.86,1
19.1,306.61,25.2,1
4.95,123.37,11.14,0
74.1,171.93,45.22,1
34.25,118.7,25.45,0
17.81,92.98,18.27,0
132.33,309.47,20.71,1
170.44,239.65,9.72,1
11.38,72.71,9.43,0
30.78,103.77,17.22,0
29.25,148.35,17.9,1
16.61,140.73,19.89,1
72.91,244.66,47.43,1
5.03,117.66,32.87,0
110.5,155.53,6.31,1
38.56,133.7,42.51,1
125.15,246.04,17.14,1
36.17,117.41,34.66,1
29.16,172.46,18.0,1
76.89,96.51,24.51,1
124.61,236.63,10.24,1
111.46,341.36,27.72,1
7.75,211.37,36.89,0
92.63,222.26,7.26,1
28.03,151.46,37.21,0
33.35,188.4,14.76,1
27.56,89.38,55.0,1
22.52,217.04,35.02,1
31.05,281.35,31.67,1
16.08,127.73,20.79,1
93.01,222.55,55.0,1
61.19,234.24,17.21,1
44.07,120.61,11.79,1
27.56,282.29,15.09,1
23.78,337.16,40.61,1
51.25,213.6,24.24,1
45.15,311.09,22.18,1
80.61,137.24,17.37,1
24.11,164.68,21.49,0
22.25,53.43,16.63,0
59.41,154.57,33.36,1
68.42,164.89,19.62,1
162.1,244.27,15.27,1
7.34,64.64,38.74,0
96.49,257.83,12.04,1
41.37,114.17,24.44,0
25.25,186.7,5.54,0
51.74,168.13,8.89,1
50.46,195.78,18.34,1
25.85,112.99,16.44,0
7.95,123.67,16.42,0
96.71,440.77,35.2,1
20.65,163.22,36.35,1
18.04,273.18,27.23,0
22.36,270.17,11.61,1
66.1,479.74,21.39,1
28.43,78.88,55.0,0
22.72,270.14,55.0,1
49.31,164.98,38.95,1
44.37,140.76,11.92,1
23.14,86.25,21.51,0
7.8,58.51,26.2,0
65.08,223.91,23.97,1
44.98,94.41,41.21,1
5.33,167.97,34.34,0
106.11,129.17,11.49,0
5.07,71.69,15.51,0
19.27,125.05,38.86,0
20.35,144.23,48.29,1
23.42,92.41,26.39,0
22.8,76.82,51.57,1
12.39,111.19,24.69,0
41.87,125.3,12.87,0
72.72,162.83,32.62,1
41.46,208.77,55.0,1
46.8,272.77,9.77,1
28.95,124.38,50.51,1
40.27,207.68,31.59,1
49.37,134.41,14.93,0
61.21,142.17,5.65,1
21.3,119.74,3.99,0
19.04,226.63,16.4,0
3.35,45.27,28.73,0
126.9,164.72,37.3,1
121.65,403.64,42.12,1
35.27,102.89,27.29,0
36.8,143.51,24.91,0
101.08,190.73,18.72,1
12.76,264.27,29.13,1
17.39,223.82,15.07,1
105.28,158.9,10.14,1
28.71,153.23,24.01,0
15.3,159.06,35.72,0
51.45,216.15,8.67,1
21.41,49.88,16.4,0
93.42,131.16,23.5,1
40.02,211.46,23.21,1
22.13,70.59,31.12,1
23.15,165.51,55.0,0
49.7,105.34,4.03,1
31.54,71.08,55.0,1
28.37,94.43,55.0,1
62.85,176.55,37.64,1
102.02,240.7,26.11,1
56.86,205.28,15.26,1
20.01,203.03,37.38,1
14.47,83.04,26.89,0
60.33,237.55,18.97,1
56.79,176.98,36.85,1
26.77,158.16,40.42,1
32.02,393.75,48.08,1
21.0,181.72,14.19,0
14.78,116.21,44.69,1
22.48,113.97,19.18,0
2.31,116.67,26.15,0
81.92,125.39,29.14,1
10.78,153.04,42.7,1
35.84,149.37,34.75,0
4.12,134.58,18.77,0
55.45,175.32,4.5,1
67.57,114.31,30.91,1
38.34,202.16,25.52,1
34.24,113.96,9.68,0
20.93,215.86,27.31,0
80.55,252.22,23.32,1
8.6,281.94,47.82,1
25.37,139.51,55.0,1
18.89,201.99,39.87,0
18.32,308.66,22.52,0
79.12,154.46,24.59,1
32.64,240.77,13.87,0
20.79,179.86,15.62,0
46.05,106.42,21.74,0
43.31,149.37,20.38,0
66.73,459.86,9.29,1
49.75,251.54,48.1,1
33.81,184.34,51.82,1
35.63,112.32,47.25,1
48.18,71.85,52.79,1
16.44,65.34,55.0,1
42.65,159.52,14.04,0
100.47,217.39,55.0,1
38.36,270.98,18.7,1
27.35,92.67,33.57,1
27.07,88.75,7.71,1
46.76,207.23,17.22,1
40.94,133.57,40.5,1
57.31,149.28,34.48,1
21.93,241.73,18.47,1
31.2,90.42,24.58,0
64.09,265.78,16.08,1
67.63,217.1,40.44,1
68.0,154.8,49.87,1
59.47,174.21,14.08,1
60.89,130.76,23.11,1
42.59,146.18,9.02,1
10.39,291.93,26.83,0
11.41,86.31,31.58,0
37.81,72.19,28.12,1
39.06,155.86,30.18,1
17.96,272.43,21.66,1
18.96,151.71,21.97,1
33.64,133.35,21.36,0
139.31,236.35,16.89,1
15.21,220.2,18.24,0
26.23,168.72,30.77,1
66.65,122.29,48.12,1
58.53,218.77,12.46,1
45.03,171.39,21.92,0
6.26,192.38,10.71,0
29.87,311.42,17.09,1
115.11,415.68,18.92,1
18.42,134.06,25.74,0
17.81,158.81,25.32,0
97.5,372.32,22.99,1
33.59,159.75,29.35,1
6.81,210.21,13.28,0
13.5,80.28,25.86,1
22.41,95.65,35.04,1
43.45,361.88,13.17,1
30.77,208.03,6.6,1
17.12,123.96,40.26,0
31.12,114.88,10.95,0
18.41,115.61,16.56,0
119.59,169.9,34.48,1
12.82,181.73,12.73,1
24.83,184.16,38.73,0
22.01,179.23,15.05,0
22.32,263.44,13.87,0
14.21,136.19,10.75,0
92.53,242.17,15.14,1
146.41,182.03,31.91,1
47.42,225.67,16.56,1
44.46,206.04,40.35,1
8.29,63.03,23.54,0
91.01,198.13,24.77,1
18.4,241.05,13.59,1
7.32,154.25,43.65,1
53.75,133.45,35.2,1
75.1,236.93,34.64,1
90.4,392.2,20.92,1
25.09,69.22,9.84,0
22.76,197.42,25.54,1
41.87,185.47,31.15,1
30.78,82.06,31.33,0
54.52,202.03,28.99,1
42.2,126.8,28.31,1
17.11,117.43,15.01,0
92.4,254.76,15.48,1
54.76,213.46,10.82,1
73.89,230.74,40.61,1
17.37,409.54,55.0,1
53.63,163.55,55.0,1
64.43,123.41,26.57,0
40.98,216.79,28.36,1
14.06,157.13,21.42,1
38.17,125.44,26.33,0
60.22,143.77,12.69,0
77.38,327.38,21.17,1
9.04,35.6,13.94,0
40.37,181.55,19.55,1
11.2,92.7,14.72,0
60.77,213.54,31.16,1
72.16,145.71,33.37,1
16.0,170.88,27.86,0
13.43,228.81,15.52,1
21.86,110.62,10.31,0
31.67,128.87,33.58,1
19.5,171.04,23.47,0
64.6,249.07,6.39,1
77.66,428.88,25.42,1
39.13,137.63,28.48,1
20.06,117.21,8.04,1
30.79,92.6,31.47,0
39.12,59.92,8.95,0
29.75,246.23,14.47,0
33.83,146.9,8.99,0
73.48,133.87,13.51,1
18.98,217.02,10.37,0
126.15,333.34,40.47,1
40.0,215.57,20.25,1
28.52,124.96,17.72,1
18.59,163.19,42.58,0
19.98,87.23,41.38,0
36.41,217.12,18.6,1
39.79,125.53,27.55,0
27.72,258.34,16.28,1
11.12,174.79,22.11,0
36.41,88.78,11.66,0
20.3,237.13,29.85,1
6.78,213.89,43.5,0
56.02,247.69,39.36,1
7.93,205.58,24.11,0
26.79,149.24,5.93,0
33.13,176.24,15.81,1
84.82,193.64,22.09,1
7.17,42.53,9.46,0
60.3,222.43,8.35,0
66.95,110.7,50.07,1
102.29,163.99,36.85,1
75.81,158.68,31.15,1
33.97,161.01,34.51,1
62.17,375.06,10.6,1
87.6,170.02,13.21,1
5.32,332.52,26.61,1
11.02,214.79,27.81,0
42.84,193.57,9.08,1
66.43,143.07,25.54,0
54.61,182.77,22.33,1
45.67,180.06,38.67,1
101.34,280.71,27.88,1
27.68,106.93,53.19,1
19.59,226.91,18.66,0
23.61,143.16,11.09,1
43.5,205.34,52.43,1
33.0,146.78,28.71,0
69.01,316.04,22.41,1
20.53,84.77,13.54,0
47.65,193.21,18.79,1
62.32,113.9,18.19,1
87.56,257.05,10.76,1
13.0,73.75,4.58,0
23.23,128.3,17.93,0
31.17,128.75,35.0,0
9.61,381.92,45.53,1
45.41,123.54,39.5,1
44.91,253.14,40.76,1
42.14,62.2,11.63,0
29.72,156.99,26.9,1
81.17,334.28,31.28,1
23.72,60.71,32.4,0
76.17,279.28,22.12,1
23.29,137.62,25.05,0
12.67,38.28,55.0,1
34.19,253.8,38.86,1
39.18,213.36,30.66,1
48.2,119.31,33.85,1
3.58,183.87,17.43,0
27.26,66.48,32.87,0
120.21,206.32,24.86,1
21.9,147.25,36.72,1
67.07,188.56,15.0,0
201.21,360.21,35.09,1
134.85,502.0,18.95,1
14.53,74.78,35.18,0
63.23,203.08,27.0,1
65.99,208.07,23.81,1
56.35,287.42,19.57,1
12.4,133.41,22.47,0
41.9,74.38,17.96,1
41.69,173.41,19.33,1
10.79,40.04,30.2,0
28.5,247.41,7.19,1
43.28,167.73,34.92,1
33.42,188.66,35.24,1
59.27,124.29,19.93,1
27.94,95.14,25.42,0
38.77,211.7,12.62,0
70.05,174.98,29.11,1
110.9,189.4,13.66,1
12.14,265.18,2.35,0
57.7,191.45,44.58,1
24.45,110.02,11.71,0
48.64,187.22,22.18,1
11.27,106.59,25.98,0
82.34,246.87,30.16,1
18.46,80.91,23.34,1
70.93,291.86,27.29,1
12.78,108.04,19.65,0
9.1,59.42,8.18,0
30.29,85.03,22.82,0
42.2,151.7,32.49,1
142.91,221.75,12.19,1
41.45,85.1,26.13,0
14.49,59.93,55.0,1
63.16,188.36,21.95,1
91.72,234.92,22.62,1
17.57,147.99,7.7,0
69.15,318.07,11.25,1
84.03,239.26,13.76,1
64.22,149.15,31.78,1
20.96,520.42,12.74,1
42.53,111.72,5.85,1
48.6,88.51,28.77,1
80.71,258.92,14.57,1
22.17,336.07,7.92,1
70.34,269.72,33.95,1
32.52,138.18,18.32,1
27.26,101.47,30.29,1
37.72,208.86,7.72,0
2.79,112.02,4.2,0
4.22,106.27,24.73,0
5.86,266.02,10.98,0
50.16,83.48,24.53,1
29.81,180.57,24.83,1
21.02,98.73,23.04,0
35.21,157.22,40.58,1
71.47,139.23,55.0,1
33.96,143.25,28.49,0
14.13,420.48,55.0,1
158.06,346.86,7.34,1
36.59,207.64,18.62,0
84.53,208.57,9.6,1
64.64,182.15,15.19,1
25.82,154.83,19.3,1
109.83,270.84,55.0,1
22.5,213.3,23.81,1
49.52,384.67,41.41,1
44.84,150.25,17.69,0
47.99,304.61,16.39,1
97.68,434.89,7.49,1
37.32,236.38,55.0,1
42.84,159.14,48.98,1
44.43,244.23,26.29,1
138.95,181.08,19.98,1
80.22,385.62,24.34,1
8.64,218.48,9.33,0
23.23,136.63,30.25,1
39.32,147.69,46.78,1
96.32,145.76,48.07,1
102.68,330.72,7.72,1
35.66,145.49,41.2,1
22.59,342.98,9.38,0
31.9,73.57,4.46,0
40.41,109.03,42.06,1
30.2,93.71,16.82,0
85.98,104.69,38.83,1
27.91,206.52,36.93,1
17.78,74.41,34.36,1
31.37,100.19,24.17,1
46.54,105.52,10.12,0
87.07,183.37,19.32,1
16.57,301.29,48.51,1
46.76,207.78,39.39,1
47.81,184.97,19.94,0
54.43,176.62,19.79,1
27.89,114.76,32.67,1
53.77,141.46,25.19,0
63.5,196.68,20.57,1
27.65,294.82,31.15,1
42.8,125.71,30.57,1
32.88,246.46,15.46,1
19.91,80.67,28.11,0
11.56,189.37,29.53,1
22.49,283.76,23.1,1
23.86,140.37,14.42,1
11.38,98.66,18.96,0
51.26,228.69,12.59,1
66.67,368.92,28.55,1
32.2,240.38,7.76,0
35.98,361.44,51.24,1
25.18,148.6,45.58,1
34.44,153.32,29.93,0
54.06,99.04,38.12,0
46.82,131.73,36.72,1
34.29,147.88,25.42,1
23.85,144.39,20.91,0
62.84,238.4,19.51,1
25.88,116.43,52.28,0
12.27,106.24,14.09,0
40.93,397.73,14.27,0
7.07,26.43,39.98,0
45.45,70.1,37.92,1
47.9,115.22,20.19,0
22.29,45.9,31.74,1
25.0,53.2,34.09,0
69.14,166.86,9.78,0
130.24,277.97,47.19,1
37.51,132.86,34.09,0
22.67,175.64,30.24,0
48.21,239.63,34.23,1
33.27,171.19,28.21,1
45.91,198.63,22.33,1
41.03,144.07,5.64,0
41.79,132.21,25.55,1
4.78,26.64,9.17,0
24.94,221.98,55.0,1
23.04,157.29,22.11,0
22.77,168.83,55.0,1
56.96,100.32,25.8,1
13.35,83.45,16.29,0
4.81,104.44,46.45,0
22.36,78.7,29.55,0
18.7,155.38,55.0,0
37.7,168.82,16.03,1
18.58,144.81,47.52,1
29.63,224.99,48.9,0
26.4,164.98,35.68,0
84.11,333.45,49.12,1
19.0,160.39,22.41,0
54.6,134.1,14.05,0
34.12,153.32,17.21,1
70.18,84.89,24.78,0
101.54,248.6,36.7,1
33.71,105.22,14.68,1
7.3,136.58,19.52,0
13.44,92.21,15.44,1
10.63,67.0,40.34,0
25.05,318.2,55.0,1
21.96,99.77,12.54,0
42.51,111.41,32.58,1
66.5,246.27,43.14,1
6.51,104.2,21.25,1
36.1,110.21,9.52,0
19.45,202.13,46.21,1
37.05,154.11,9.11,0
25.13,221.72,53.68,1
58.96,313.26,15.23,1
14.33,110.48,8.18,0
20.52,194.64,18.01,1
31.94,292.9,23.64,1
27.27,327.31,26.59,0
31.79,115.73,34.12,1
8.29,221.07,27.98,1
91.49,116.42,55.0,1
23.6,163.85,22.99,0
15.21,62.76,28.83,0
32.52,128.69,27.47,1
36.34,410.6,7.49,1
118.57,317.39,11.02,1
73.9,122.26,24.84,0
26.83,86.41,30.83,0
104.98,329.73,5.45,1
91.63,312.25,55.0,1
15.34,242.6,32.24,1
136.73,276.59,24.03,1
23.95,222.26,31.41,1
39.59,138.59,17.38,1
82.39,178.68,26.75,1
6.55,141.85,29.22,1
31.81,105.08,46.51,1
44.2,109.87,21.79,0
72.04,239.89,9.28,1
35.03,211.44,13.81,0
6.64,73.38,20.76,0
117.98,202.24,10.01,1
35.99,190.36,12.85,0
45.46,192.41,13.9,1
9.26,149.21,19.93,0
88.95,157.86,32.01,1
24.23,426.83,19.37,1
19.52,110.5,33.23,1
75.94,234.0,24.04,1
10.36,66.56,13.14,0
45.94,163.03,29.5,1
19.01,84.71,26.95,0
49.92,138.61,33.72,0
59.58,201.07,37.62,1
23.54,270.42,47.32,1
85.47,168.4,32.61,1
36.04,173.52,26.44,1
119.13,276.0,33.81,1
76.59,257.6,18.22,1
39.14,70.46,17.4,0
38.93,235.13,50.86,1
11.4,169.31,17.09,0
75.87,215.7,14.13,1
21.7,409.58,32.6,1
42.33,119.02,18.32,1
118.43,265.65,37.41,1
84.4,426.99,45.42,1
16.24,247.85,15.4,0
36.19,132.06,34.8,1
45.54,184.17,16.84,1
91.46,232.61,21.03,1
82.5,187.21,28.74,1
54.25,103.79,17.43,1
50.64,147.53,27.29,1
35.69,200.32,22.06,1
44.58,140.12,37.88,1
29.57,146.62,37.93,1
63.54,312.09,17.48,1
52.55,170.04,29.11,1
74.01,196.05,41.1,1
72.6,204.05,12.72,1
21.61,111.85,21.98,1
3.51,203.24,28.4,1
20.23,76.55,12.36,0
44.33,134.27,18.75,0
29.61,168.66,55.0,1
28.65,127.83,17.06,0
19.2,303.86,18.22,1
48.94,171.68,8.18,1
6.86,127.61,32.4,1
53.94,120.56,11.4,1
54.65,155.09,22.26,1
72.9,267.73,14.21,1
214.05,293.22,27.26,1
2.97,40.16,2.59,0
52.93,163.89,25.16,1
60.5,186.67,28.84,1
20.28,113.98,19.05,0
31.27,281.91,19.77,0
24.51,398.25,17.66,1
55.36,193.88,22.09,0
78.41,178.22,51.23,1
12.94,177.62,38.53,1
49.39,300.99,22.08,1
89.6,172.65,18.76,1
21.57,210.63,36.56,1
17.3,128.2,26.27,0
15.58,239.4,12.17,0
18.14,84.77,20.61,0
117.06,386.18,48.29,1
135.19,276.37,31.69,1
97.45,261.86,18.88,1
29.12,88.88,8.84,0
99.98,158.57,27.18,1
14.77,164.28,24.12,0
64.61,231.91,21.68,1
23.19,128.38,36.78,1
13.03,190.36,31.91,0
48.3,107.79,9.05,1
49.16,96.25,24.2,0
52.69,184.63,10.62,1
57.04,115.03,17.84,1
46.56,84.49,10.1,0
33.63,103.78,10.35,0
38.55,202.55,29.06,1
65.24,204.72,27.47,1
45.3,298.69,23.17,1
25.35,170.32,16.91,0
19.99,81.06,9.61,0
38.3,208.55,17.89,1
89.32,170.93,27.54,1
57.66,161.63,27.19,1
92.54,175.13,47.75,1
28.72,84.2,44.07,1
42.86,526.73,23.7,1
47.68,121.47,17.77,0
67.35,101.62,14.44,0
28.76,210.6,8.62,0
57.55,85.24,11.39,0
85.92,197.35,27.56,1
35.06,232.65,33.13,1
17.86,68.48,19.94,0
87.9,210.77,55.0,1
61.3,162.68,11.47,1
10.31,83.29,8.05,0
35.7,289.51,55.0,1
121.77,222.6,9.29,1
54.33,234.07,19.78,1
38.25,245.43,15.19,1
15.92,124.41,28.71,1
15.88,77.82,18.91,0
64.49,274.49,33.19,1
17.2,128.77,37.19,1
47.93,166.91,8.56,0
34.98,131.91,14.15,0
45.87,251.58,34.76,1
32.72,89.64,41.28,0
52.57,172.47,25.88,1
72.59,135.52,29.9,1
33.14,129.85,49.4,1
68.3,289.9,19.05,1
95.26,315.31,25.72,1
47.64,153.62,44.1,1
63.36,208.25,45.6,1
13.07,156.34,22.19,1
33.68,96.79,14.43,0
9.14,175.59,22.05,0
24.9,92.47,23.29,0
34.02,127.21,14.1,0
128.7,164.06,15.43,1
20.23,203.12,45.64,0
36.93,243.21,30.67,1
17.24,165.26,19.84,1
31.85,155.14,11.93,0
53.18,143.32,15.54,1
59.35,244.91,7.6,1
28.64,316.52,26.26,1
22.75,96.53,15.02,0
103.59,211.13,27.44,1
26.98,87.57,34.56,0
4.46,128.17,27.66,0
86.23,182.3,18.42,1
5.85,118.17,13.66,0
86.32,273.27,10.83,1
9.34,226.52,43.26,1
11.34,65.76,26.99,0
14.39,156.79,19.05,0
25.27,279.56,32.09,1
86.89,247.53,39.55,1
14.81,78.81,15.21,0
53.07,264.84,26.54,1
45.07,212.14,26.84,0
39.53,197.35,48.26,1
76.24,181.89,18.89,1
42.01,194.35,13.35,0
44.42,512.26,28.19,1
62.97,93.97,33.55,0
25.97,118.55,25.33,0
37.21,135.47,50.04,1
47.59,64.75,18.85,0
71.27,420.03,25.68,1
33.65,94.22,9.03,0
36.72,94.77,12.89,1
52.19,93.97,15.27,0
34.15,126.08,20.72,1
20.66,178.09,10.03,0
62.89,181.01,31.84,1
42.18,108.76,14.45,0
27.61,180.12,55.0,1
14.36,133.35,14.77,0
6.0,243.69,24.2,0
54.12,133.74,22.51,1
20.24,95.18,12.21,0
8.75,200.83,20.77,0
18.2,77.26,20.62,0
47.42,88.25,37.21,1
20.07,136.8,28.78,0
48.12,208.49,31.59,1
23.85,62.46,36.77,1
37.03,241.14,31.87,1
39.51,75.25,26.41,1
60.55,142.93,15.19,0
61.89,180.54,25.48,1
37.97,288.6,13.48,1
16.62,275.88,21.68,1
81.9,214.23,20.09,1
27.15,118.42,20.83,0
2.6,97.42,10.09,0
46.15,375.77,2.63,1
47.51,274.42,17.98,1
28.04,176.74,41.45,1
9.39,144.2,24.0,1
7.43,134.97,39.83,1
29.75,59.59,13.54,0
15.17,27.02,17.46,0
71.1,174.65,55.0,1
28.82,83.03,14.05,1
26.06,161.85,31.25,1
119.96,249.77,31.22,1
3.22,43.34,29.36,0
36.78,174.19,31.47,1
6.23,148.3,13.93,0
87.71,227.45,18.49,1
8.57,88.76,3.3,0
48.91,204.89,49.13,1
43.97,205.9,31.37,1
6.09,161.26,15.28,0
49.18,149.66,13.63,0
23.76,293.56,41.83,1
56.16,294.74,14.63,1
22.46,145.93,15.25,0
49.32,124.91,11.88,1
34.02,103.92,34.61,1
49.21,213.14,39.52,1
55.43,104.1,20.16,1
31.19,201.96,39.65,1
27.25,71.07,28.0,0
54.38,165.85,11.42,1
24.06,187.31,47.23,1
31.71,103.65,11.8,1
99.28,301.18,21.01,1
37.08,130.33,20.19,0
61.91,179.82,18.15,1
21.08,46.58,5.94,0
48.8,91.72,55.0,1
32.37,59.56,6.56,0
27.84,208.7,48.81,1
5.54,96.03,13.34,0
15.35,228.82,16.16,0
125.12,144.33,46.25,1
33.7,185.58,29.68,1
37.28,62.65,9.24,0
69.78,136.26,9.11,1
45.49,155.74,27.3,1
27.69,116.35,11.67,0
27.92,167.69,30.45,1
14.24,94.07,32.18,0
51.77,154.49,14.24,1
53.11,111.64,16.69,1
37.62,205.93,27.8,1
33.02,159.4,13.85,1
53.45,204.34,24.02,1
13.93,129.49,55.0,1
47.3,233.21,28.54,1
102.98,183.78,18.31,1
21.61,144.05,55.0,1
30.57,530.83,35.97,1
85.17,136.94,11.85,1
37.67,257.9,13.3,0
65.36,441.71,7.12,1
49.33,208.89,27.52,1
52.33,66.3,5.16,0
20.59,74.21,55.0,1
20.04,160.8,19.62,1
59.41,175.96,37.18,1
10.26,286.49,18.59,1
31.68,313.05,27.25,1
53.5,164.62,21.18,1
30.45,146.76,23.63,1
33.28,117.48,43.53,1
67.62,222.72,54.99,1
92.2,156.21,52.69,1
158.52,266.88,55.0,1
86.88,154.13,14.81,1
25.61,160.68,28.75,0
17.66,229.92,15.02,0
25.91,69.46,42.56,1
54.14,158.05,12.22,1
28.09,278.89,43.94,1
21.28,315.06,25.81,1
99.82,184.5,21.88,1
27.37,96.78,23.36,0
51.15,61.0,10.85,1
50.19,275.88,11.46,1
5.72,223.08,26.08,0
95.77,221.78,25.98,1
13.13,413.14,15.44,1
9.25,125.75,19.49,0
24.91,254.66,30.11,1
17.88,105.72,13.81,0
85.72,186.91,6.53,1
44.95,185.32,50.09,1
23.03,90.83,27.12,1
8.88,203.26,17.17,0
48.85,177.63,14.99,1
29.42,60.24,13.72,1
53.76,286.65,42.47,1
45.16,109.12,9.66,0
18.41,86.73,28.7,0
58.72,159.52,28.69,1
11.69,169.31,34.96,0
28.42,174.16,18.18,1
31.58,309.0,47.79,1
35.03,176.38,35.53,1
11.0,51.71,17.81,0
82.83,140.93,14.56,1
18.37,56.5,21.21,0
6.85,44.48,17.45,0
46.22,139.57,13.09,0
123.96,347.23,23.96,1
5.68,134.01,19.57,0
68.24,229.52,53.99,1
36.96,229.43,17.44,0
11.42,244.0,14.47,0
31.37,104.66,23.07,1
104.5,319.03,26.63,1
88.95,287.1,27.8,1
178.26,269.13,27.64,1
60.64,130.8,23.53,1
24.28,131.76,22.55,0
67.39,340.22,32.28,1
20.14,250.42,12.34,1
33.48,123.81,14.54,0
20.27,238.57,8.05,0
60.46,237.31,12.47,1
56.71,215.12,40.2,1
21.82,282.06,31.53,1
78.34,222.9,55.0,1
95.63,219.15,50.49,1
24.47,50.95,31.68,0
49.53,241.06,25.05,1
99.62,165.86,23.33,1
46.4,105.62,4.92,1
28.47,154.58,21.85,1
34.55,92.87,16.15,0
24.22,175.98,12.83,1
80.02,216.51,28.9,0
73.39,202.73,20.33,1
19.71,127.21,24.16,0
23.0,211.0,11.64,1
9.4,161.53,36.37,0
54.43,205.01,17.39,1
13.47,84.17,28.05,0
135.3,249.0,18.28,1
17.89,87.82,4.24,0
5.23,117.86,29.56,0
12.98,90.13,21.12,0
45.35,156.31,7.66,1
34.16,147.89,10.73,0
17.55,128.51,36.96,1
32.85,223.29,7.93,0
22.23,186.38,17.11,0
53.48,102.21,55.0,1
13.96,117.74,29.98,1
40.68,169.86,34.17,1
41.98,117.01,19.31,0
34.99,171.63,7.19,1
48.97,129.83,25.49,0
32.57,150.82,11.23,1
60.0,125.12,10.52,1
34.97,145.55,23.84,1
82.43,248.99,11.76,1
40.52,220.35,22.28,1
78.91,198.56,14.84,1
22.6,361.06,21.84,0
15.5,160.05,16.44,0
59.69,242.58,22.19,1
35.46,273.28,48.23,1
3.34,79.25,34.6,0
19.36,184.98,20.77,1
45.51,181.26,44.08,1
33.14,202.18,28.27,0
18.62,224.58,42.43,0
35.24,103.11,8.56,0
39.76,370.38,11.85,1
6.89,129.75,25.32,0
77.43,175.18,20.47,1
89.57,109.93,22.22,1
19.27,248.26,30.87,1
121.18,319.18,25.47,1
33.38,139.34,36.44,1
21.21,53.29,35.89,0
20.66,146.6,12.21,1
115.86,160.81,4.36,1
14.23,230.17,11.7,0
40.4,144.33,11.21,0
44.13,108.2,23.2,1
59.97,198.75,23.02,1
38.0,188.72,19.75,1
110.33,271.46,28.89,1
124.32,191.13,55.0,1
93.88,298.88,19.49,1
47.38,152.82,25.93,0
68.84,94.16,22.22,0
28.12,141.15,15.55,0
79.4,191.55,31.03,1
22.27,133.2,18.93,0
16.52,156.94,13.55,0
16.1,307.35,14.2,1
54.45,169.5,37.16,1
101.43,225.02,30.6,1
106.88,191.72,16.62,1
3.68,118.56,28.62,0
71.79,234.95,22.37,1
15.53,180.89,26.18,0
156.95,405.05,15.3,1
11.21,41.55,11.44,0
7.05,199.53,18.86,0
72.81,249.32,12.74,1
26.75,67.53,12.15,1
25.48,270.58,8.91,0
19.01,66.19,4.39,0
21.91,187.65,16.8,0
75.03,101.03,41.0,1
16.05,79.75,35.51,0
32.38,200.97,52.19,1
14.54,187.19,11.81,1
39.24,147.55,32.15,1
25.13,283.33,20.72,1
51.15,217.53,14.21,1
56.08,264.04,38.45,1
102.59,213.89,20.84,1
150.26,207.77,6.52,1
20.75,77.84,35.3,0
60.77,157.43,27.52,1
24.77,90.43,23.96,0
54.91,117.59,10.32,0
53.24,88.81,25.59,0
52.04,152.7,48.3,1
64.12,99.05,27.09,0
41.16,140.52,8.03,0
26.84,55.2,28.26,0
39.59,133.14,27.25,1
142.89,305.96,33.62,1
22.8,86.89,26.82,0
28.6,170.1,12.17,0
19.39,155.41,23.22,0
5.62,82.13,19.06,0
34.71,68.33,24.83,1
57.61,321.21,39.22,1
16.7,209.83,14.82,0
92.07,168.19,55.0,1
50.02,327.55,28.16,1
75.51,263.1,35.41,1
46.63,216.07,32.81,1
32.26,78.8,27.52,0
27.35,197.43,30.41,1
45.19,266.85,1.41,0
48.24,172.44,32.78,1
24.21,167.02,12.79,1
31.62,195.28,21.57,0
124.93,361.0,27.41,1
40.14,190.74,40.19,0
43.28,203.9,12.79,1
105.21,243.83,17.06,1
48.71,330.93,18.48,1
36.4,162.64,25.01,0
74.03,234.0,19.16,1
62.81,307.03,30.49,1
44.09,133.83,6.71,1
46.93,358.53,20.58,1
29.3,113.36,50.89,1
13.58,78.29,19.19,0
56.54,219.3,28.22,1
8.94,90.28,36.83,0
14.14,289.07,27.7,1
31.29,398.68,55.0,1
28.85,95.18,23.54,0
60.92,123.1,31.34,1
72.3,132.53,25.6,1
136.74,162.01,45.37,1
7.56,87.39,17.56,0
51.85,268.07,55.0,1
50.33,217.92,15.04,1
45.86,151.29,53.54,1
56.53,212.91,11.86,1
65.16,114.29,31.9,1
94.04,219.93,22.37,1
46.88,186.88,36.41,1
113.56,248.47,28.61,1
47.13,125.29,35.33,1
25.75,101.97,11.59,0
44.06,220.77,7.6,0
18.04,188.32,10.39,0
18.87,45.32,10.22,0
33.4,59.44,11.5,0
29.78,381.24,15.67,1
92.28,234.97,15.59,1
33.07,168.23,22.68,1
15.81,83.9,13.38,0
38.16,135.67,14.05,0
46.79,129.19,19.88,0
41.29,258.45,39.16,1
15.11,226.54,17.38,0
99.09,243.19,21.82,1
6.67,137.81,23.9,0
40.82,199.94,12.37,0
14.65,144.68,18.41,1
77.0,253.81,14.75,1
52.01,309.16,37.14,1
46.78,161.98,35.48,1
31.13,100.03,13.84,0
93.3,225.28,21.57,1
31.06,115.88,31.36,0
120.31,161.36,26.87,1
18.39,75.37,28.51,1
38.36,275.25,12.42,1
63.92,191.53,52.48,1
54.61,151.62,15.49,0
36.1,175.48,15.22,0
7.69,96.7,9.57,1
42.92,283.95,20.39,0
28.17,377.41,41.44,1
22.98,115.1,26.72,1
66.58,178.42,21.33,1
6.04,156.44,34.07,0
37.12,89.88,40.88,0
1.78,31.09,35.44,0
54.91,280.73,6.1,1
67.07,162.71,34.23,1
42.47,132.95,29.14,1
26.05,182.49,13.65,1
92.38,161.06,29.21,1
96.62,185.84,41.48,1
48.58,102.01,15.9,1
106.48,140.18,36.82,1
18.36,106.71,27.05,0
34.38,102.61,2.22,0
3.18,65.66,22.25,0
13.7,136.9,26.45,0
12.58,200.58,18.85,0
54.67,244.63,27.62,1
14.61,200.2,20.88,0
21.49,96.53,55.0,0
23.87,139.77,18.07,1
11.26,97.27,13.9,0
40.06,115.7,35.81,1
45.71,124.41,19.46,0
8.67,67.71,21.54,0
60.79,201.14,20.48,1
17.24,236.31,34.72,1
23.55,108.25,11.44,0
52.31,131.32,36.78,1
23.73,52.42,30.48,0
13.9,183.22,55.0,1
38.3,62.16,25.29,0
77.62,204.28,11.99,1
71.19,142.1,25.45,1
21.88,124.43,27.26,0
16.14,147.08,43.45,0
19.25,145.55,11.97,0
71.72,275.93,8.04,1
18.97,43.79,25.75,0
102.97,293.44,55.0,1
51.83,186.06,32.98,1
35.02,251.27,34.05,1
21.58,143.03,9.4,1
38.7,82.67,23.36,1
13.82,125.08,43.9,1
8.96,175.4,27.44,0
52.19,235.72,7.65,1
34.9,148.5,23.1,1
62.37,167.74,31.71,1
44.62,177.51,1.34,0
21.28,221.89,21.65,0
71.13,160.78,12.95,1
23.47,174.43,36.41,1
85.26,381.68,17.63,1
22.86,427.34,28.93,1
10.54,210.49,22.74,0
95.85,199.27,17.23,1
22.2,74.92,55.0,1
23.54,169.92,16.06,0
11.0,271.14,23.86,1
32.71,146.44,22.7,1
12.41,225.51,25.38,0
92.08,295.73,55.0,1
26.55,147.77,31.73,1
16.42,209.86,17.13,0
37.26,94.08,49.16,1
148.0,254.71,34.81,1
38.56,194.73,17.33,1
29.59,149.08,45.09,1
36.58,97.35,9.33,0
64.61,258.16,11.13,1
60.53,215.59,7.28,1
43.63,177.36,5.04,0
73.17,311.53,43.34,1
38.17,233.99,25.57,1
31.58,49.79,7.78,0
37.54,172.59,22.35,1
22.97,155.59,37.46,1
65.57,163.32,14.32,0
22.06,47.01,18.85,0
4.78,77.93,55.0,1
8.91,29.38,19.9,0
46.94,400.09,8.26,1
19.07,138.87,16.49,0
61.54,222.56,7.4,1
35.15,95.26,33.19,0
65.23,92.54,13.05,1
5.34,98.79,12.78,0
21.91,107.28,55.0,1
15.94,155.19,10.32,0
167.35,263.43,9.06,1
25.1,421.47,11.52,1
8.77,227.23,38.11,1
46.29,318.73,30.77,1
14.71,134.96,16.35,0
70.02,207.71,15.43,1
78.25,336.77,29.45,1
16.08,107.52,26.13,0
19.56,175.81,20.68,0
43.16,139.25,31.38,1
71.46,232.83,11.01,1
46.91,95.01,13.19,0
25.13,107.87,32.31,0
10.6,150.04,27.37,1
109.26,258.58,4.71,1
47.74,230.79,23.28,1
124.97,179.74,55.0,1
52.8,189.02,35.3,1
114.18,152.73,16.66,1
18.03,117.54,13.95,0
19.23,141.89,28.12,0
30.63,142.4,43.26,1
16.78,308.9,6.58,1
7.37,130.71,26.96,0
21.02,189.38,18.66,0
52.27,191.99,25.56,1
11.9,130.5,8.61,0
13.23,174.56,43.25,0
22.18,154.57,49.74,1
15.13,140.79,33.5,0
23.26,128.46,55.0,1
32.46,123.88,18.09,1
12.71,96.27,26.59,0
22.62,148.43,33.78,1
34.78,155.31,28.33,0
17.39,271.56,19.53,1
10.6,54.97,20.82,0
18.54,323.46,47.27,1
26.31,82.14,22.59,1
6.95,124.71,41.9,1
52.84,203.07,21.9,0
27.48,91.98,41.76,1
18.63,73.56,24.04,0
8.21,118.08,32.21,0
48.07,218.91,15.07,1
78.79,276.13,26.56,1
21.77,71.23,15.21,0
117.73,224.82,17.82,1
33.53,67.5,18.72,0
34.49,100.04,20.6,0
63.6,292.16,39.11,1
49.91,195.2,17.4,0
11.83,81.15,25.0,0
21.08,237.56,41.83,1
71.31,147.34,31.83,1
50.64,166.82,6.68,0
118.45,147.25,8.44,1
45.13,114.63,28.63,0
51.89,189.41,16.87,1
18.49,152.19,7.63,0
77.96,169.27,16.11,1
3.12,112.42,29.24,0
39.19,217.4,18.59,1
53.01,157.11,23.61,1
42.95,193.38,19.61,0
33.75,115.76,14.73,0
30.87,146.09,26.26,0
34.83,61.97,7.05,0
13.66,99.59,13.57,1
42.79,166.0,35.22,1
18.67,129.91,8.64,0
21.78,103.73,22.92,0
12.24,72.58,17.71,0
191.69,317.35,16.69,1
40.59,149.55,37.1,0
9.9,151.76,41.16,0
37.49,111.91,11.51,0
77.36,240.05,20.71,1
42.44,96.53,5.7,0
33.06,74.15,35.94,0
17.35,247.03,22.23,0
42.49,98.92,8.22,0
59.01,185.33,13.99,1
59.47,156.66,10.83,1
39.57,272.35,13.48,1
39.48,205.79,6.13,0
86.22,128.24,47.0,1
80.13,351.54,11.8,1
29.51,229.14,22.89,1
111.72,201.7,29.09,1
10.08,63.78,41.2,1
40.9,172.4,23.36,1
44.01,179.84,19.43,1
16.47,47.23,23.93,0
8.03,134.1,11.46,0
16.8,207.3,12.09,0
67.48,189.57,19.16,0
68.86,179.44,4.54,0
56.76,159.46,14.93,1
18.96,87.72,17.05,0
69.46,281.74,55.0,1
20.13,113.26,44.14,1
42.78,174.21,29.03,1
34.67,81.45,36.44,0
25.44,133.68,12.02,0
54.78,209.38,24.31,1
62.68,154.48,33.96,1
17.98,111.42,12.09,0
36.26,151.32,8.46,0
60.4,211.48,27.31,1
1.51,127.05,9.15,0
47.04,373.94,30.55,1
61.29,291.12,40.81,1
48.6,129.69,12.35,1
50.3,256.08,12.98,1
32.75,63.1,40.15,1
58.36,155.24,23.43,1
11.5,51.12,37.22,0
16.88,177.66,19.59,0
49.67,141.49,20.48,0
58.5,110.01,23.08,1
77.7,257.64,53.25,1
100.81,157.29,35.63,0
19.19,189.38,14.62,0
13.43,147.3,25.33,0
66.4,168.78,18.77,1
24.53,218.08,16.69,1
33.79,97.7,30.07,1
61.78,95.87,26.69,0
40.84,94.96,12.44,0
57.07,381.62,23.11,1
17.64,86.94,16.37,0
44.41,133.08,29.0,1
43.73,302.42,15.93,1
76.77,165.52,20.55,1
88.64,252.01,16.97,1
24.09,299.3,6.86,0
14.95,163.44,51.8,1
59.47,172.82,22.96,1
7.24,190.5,52.79,0
62.42,85.26,23.57,1
65.84,153.87,33.11,1
22.52,254.52,15.24,1
2.09,71.97,15.48,0
70.73,85.56,22.22,1
92.86,218.05,52.53,1
88.62,253.11,12.73,1
90.58,185.93,5.68,1
10.67,176.39,39.64,0
37.09,171.49,34.25,1
43.52,512.77,17.57,1
38.79,224.0,55.0,1
57.49,191.97,55.0,1
14.08,41.29,6.51,0
7.02,80.7,15.01,0
4.77,62.07,22.13,1
71.77,326.53,28.56,1
10.55,62.99,26.18,0
38.6,132.97,22.91,0
21.65,165.44,11.49,1
22.5,104.96,30.58,0
30.26,121.42,31.56,1
23.33,157.81,38.11,0
7.04,76.89,10.44,0
30.28,155.09,20.09,0
17.98,197.82,17.05,0
17.19,94.13,10.31,0
110.97,166.81,19.9,1
8.94,294.85,11.88,0
29.14,317.37,9.18,1
41.16,151.56,34.49,1
111.05,233.62,17.51,1
12.71,134.64,14.56,0
85.51,172.94,43.26,1
30.1,138.78,32.08,0
30.99,58.6,5.22,1
55.11,99.5,28.66,0
94.71,186.22,28.59,1
23.18,100.59,19.4,0
43.47,92.61,18.96,0
39.15,147.59,7.46,0
37.73,206.3,55.0,1
61.98,131.91,19.85,1
19.11,39.3,27.79,0
25.93,160.44,20.51,0
7.26,100.29,14.71,0
52.03,236.91,35.97,1
36.41,78.15,24.89,0
93.12,147.16,19.95,1
12.44,102.09,27.62,0
120.4,182.56,21.64,1
58.4,275.95,54.76,1
56.61,100.17,35.3,1
21.2,108.89,30.19,0
28.1,350.17,8.11,1
24.42,65.49,30.78,0
81.95,197.03,30.35,1
6.05,100.2,12.01,0
31.48,177.84,7.98,0
33.6,171.31,34.5,1
23.71,156.21,36.9,0
15.56,207.74,15.53,0
2.88,192.22,15.09,0
31.89,108.67,24.64,0
51.94,126.82,17.47,0
36.45,200.66,7.85,0
15.58,140.94,11.93,1
33.87,173.41,27.22,1
93.88,210.01,12.37,1
19.85,103.7,37.93,0
40.58,199.94,30.07,1
44.94,112.71,27.84,1
9.65,335.69,24.35,1
27.05,335.33,14.3,1
27.31,395.33,32.39,1
35.35,165.67,14.04,1
80.08,170.95,39.09,1
12.01,258.76,50.12,1
83.51,201.25,24.81,1
54.77,239.51,46.53,1
122.62,306.61,12.03,1
4.18,73.22,30.26,0
167.91,325.09,22.58,1
9.23,188.55,34.83,1
16.62,125.85,5.46,0
16.76,60.8,33.69,1
52.91,302.94,15.16,1
28.96,350.88,23.23,1
19.02,141.33,55.0,0
107.97,204.22,30.83,1
3.35,41.84,28.59,0
69.83,196.21,27.3,1
32.99,119.88,41.34,1
18.73,57.1,35.49,1
20.78,214.51,27.47,1
26.64,188.74,25.58,0
16.96,96.72,24.62,0
62.28,349.41,21.86,1
24.84,137.15,10.32,0
56.08,179.77,30.46,1
21.07,123.84,16.1,0
40.04,249.12,20.34,1
40.03,198.75,36.82,0
35.08,62.47,22.16,0
85.32,202.7,21.17,1
91.21,274.22,24.85,1
59.98,98.42,18.82,0
73.89,255.79,55.0,1
57.67,218.51,55.0,1
23.38,84.33,55.0,1
30.91,131.5,27.35,1
4.22,52.66,15.48,0
14.56,95.05,37.36,0
9.29,108.87,18.91,0
18.58,187.88,39.17,1
42.47,231.49,15.03,0
22.66,156.22,28.47,0
64.4,161.28,42.22,1
15.11,193.73,19.54,1
54.21,178.17,19.5,1
13.88,156.35,8.56,1
81.23,275.67,15.32,1
15.08,187.54,27.05,1
48.59,190.49,29.38,1
19.05,177.68,31.8,1
100.63,180.1,6.38,1
97.81,170.47,18.96,1
47.39,366.83,9.27,1
46.7,116.79,26.28,1
61.08,256.67,7.47,1
53.56,149.57,11.15,1
66.97,235.55,35.15,1
14.76,39.91,16.42,0
35.09,80.96,46.75,1
20.32,222.46,32.27,1
96.79,132.29,19.6,1
10.92,91.16,38.22,0
108.47,361.56,20.6,1
35.58,224.73,34.05,0
67.69,160.47,14.85,0
22.49,92.77,39.44,1
10.01,285.07,7.98,0
94.2,168.56,11.14,1
50.55,189.44,12.43,1
11.94,252.64,15.84,1
32.0,185.19,27.6,1
30.11,271.15,22.86,1
49.27,139.7,34.27,1
14.69,71.78,42.54,1
11.68,184.3,7.36,0
38.84,264.67,45.35,1
15.52,174.33,20.33,0
96.21,160.09,55.0,1
63.19,460.91,14.44,1
61.88,110.38,5.86,0
4.1,134.38,32.47,0
23.27,263.35,31.35,1
27.48,150.25,11.34,0
13.29,187.51,12.1,0
53.7,87.17,35.69,1
48.58,218.77,28.35,0
60.11,121.48,19.14,1
72.87,204.43,29.97,1
70.32,117.81,26.78,1
177.32,357.16,12.94,1
34.2,191.51,37.16,1
29.74,160.32,33.27,1
53.19,258.61,23.16,1
82.02,248.76,35.7,1
7.1,53.46,55.0,1
17.56,219.66,12.0,0
21.39,189.66,19.66,0
36.96,107.03,20.24,1
23.39,142.85,35.27,1
73.68,161.76,15.72,1
41.03,384.24,34.19,1
31.71,88.07,16.88,0
48.9,139.75,11.11,1
4.93,119.32,23.95,0
47.17,175.16,16.66,1
15.94,108.76,25.33,0
64.67,190.56,28.83,1
6.0,165.11,7.75,0
51.31,126.12,17.85,0
16.34,109.26,23.96,0
83.16,384.38,35.79,1
7.77,18.24,33.4,0
35.92,240.66,13.66,0
58.12,260.06,20.83,1
45.17,89.95,29.67,0
44.95,373.82,19.99,1
10.83,122.56,14.51,0
10.13,225.21,22.35,0
43.67,176.0,28.12,1
38.77,71.58,12.83,0
13.91,109.78,31.46,0
13.16,219.66,24.78,1
32.1,242.01,32.1,1
25.46,161.06,22.06,1
119.76,174.72,54.87,1
86.59,305.17,27.82,1
63.0,137.74,34.11,1
93.96,225.59,31.39,1
20.05,184.92,20.67,0
22.74,196.99,26.43,1
78.09,239.55,15.95,1
35.83,103.06,52.73,1
37.55,127.94,29.54,0
12.32,78.28,13.97,0
75.62,257.86,46.32,1
53.11,220.98,21.29,1
27.94,101.35,36.75,1
22.88,220.93,7.6,1
84.16,281.56,41.79,1
20.27,256.14,28.87,1
8.79,173.25,13.28,0
87.44,258.09,28.59,1
88.65,183.26,49.89,1
20.2,129.42,16.24,0
135.45,358.45,16.11,1
32.73,114.98,20.49,0
20.4,89.65,23.84,0
51.86,223.53,38.07,1
10.56,39.26,29.76,0
15.42,94.6,20.48,1
43.87,284.93,27.07,1
38.2,306.83,54.28,1
67.49,277.74,32.62,1
12.18,140.27,21.76,1
120.32,189.88,20.13,1
25.05,71.51,26.18,0
37.15,136.25,37.81,1
24.11,71.16,14.87,0
10.47,331.79,35.04,0
34.11,130.04,21.51,0
57.56,160.89,23.36,1
30.21,221.05,55.0,1
17.03,58.28,33.13,0
69.08,174.19,16.97,1
70.92,192.68,28.83,1
28.96,77.0,38.84,1
45.92,112.22,33.33,1
68.72,152.01,5.13,1
57.1,271.94,22.82,1
44.97,308.97,29.52,1
55.43,214.53,28.22,1
48.26,164.54,17.8,1
35.65,277.1,33.64,1
11.94,210.66,41.89,1
14.84,390.97,7.93,0
49.8,85.91,7.42,0
23.9,148.2,28.69,1
48.5,134.73,35.15,1
11.64,52.53,16.28,0
18.47,143.56,5.36,1
30.21,384.9,23.03,1
3.14,61.79,28.46,0
16.39,470.69,19.54,1
20.62,222.03,39.36,1
40.32,287.25,27.51,1
28.76,274.66,15.24,1
41.95,201.57,16.2,1
36.63,131.86,23.32,0
27.83,74.66,18.77,0
20.74,79.98,7.08,0
37.57,209.62,26.21,0
82.11,179.86,16.46,1
20.64,84.82,18.16,0
117.07,261.17,11.94,1
38.12,192.21,50.59,1
65.13,256.47,32.07,1
46.3,119.81,55.0,1
51.34,167.34,19.48,1
16.28,91.21,33.07,0
23.73,76.3,26.47,1
6.92,230.48,15.6,1
29.67,244.58,19.36,1
54.82,91.96,32.04,1
29.84,158.63,11.92,0
67.64,309.9,39.57,1
25.67,220.89,25.27,0
19.54,87.77,36.8,0
22.9,280.58,28.52,1
58.62,301.04,7.97,1
100.48,251.47,22.83,1
125.03,230.64,40.03,1
54.36,121.92,25.06,1
65.49,190.0,23.16,0
8.75,287.67,25.05,1
11.4,80.73,6.69,0
16.92,309.97,42.25,1
85.51,275.28,4.37,1
84.68,209.13,46.96,1
143.76,387.41,18.68,1
16.58,138.78,29.62,1
32.5,143.27,6.28,0
6.87,224.85,34.95,1
9.71,20.66,31.78,0
27.74,155.42,30.73,1
17.24,139.66,6.07,0
17.42,102.32,14.34,0
21.44,130.79,28.6,1
92.15,405.38,41.64,1
74.23,93.11,13.03,1
14.67,82.61,13.26,0
72.82,149.41,27.57,1
18.48,134.98,55.0,0
8.63,113.6,15.77,0
20.8,160.7,18.54,0
43.24,69.98,16.95,1
16.22,154.82,21.54,0
53.65,365.51,43.41,1
22.06,149.66,22.21,0
45.56,152.86,55.0,1
14.51,132.89,24.55,0
35.01,133.49,45.66,1
16.67,206.36,19.37,0
28.39,180.5,10.34,0
118.24,264.18,22.18,1
24.55,268.17,30.99,1
11.16,202.01,14.42,0
36.71,55.61,41.83,0
37.18,134.32,17.45,0
37.0,87.61,11.94,0
51.45,126.32,55.0,1
23.61,109.51,13.95,0
55.1,128.29,17.14,1
33.92,229.73,33.8,1
10.54,188.16,18.97,0
60.66,157.52,12.22,1
39.39,213.14,16.13,0
53.07,213.9,55.0,1
11.79,145.75,31.59,0
63.19,177.11,35.04,1
139.06,175.36,26.83,1
10.95,218.46,29.4,1
69.42,191.76,18.13,1
39.51,182.87,24.97,1
34.2,171.79,5.68,0
63.69,151.67,38.65,1
58.94,143.83,18.03,1
81.5,190.77,10.95,1
12.23,206.04,25.78,0
83.65,199.97,20.64,1
45.23,76.91,37.91,1
7.09,158.81,22.47,0
24.74,115.26,15.92,0
40.19,112.86,22.78,1
24.3,207.67,48.47,1
31.01,213.65,38.59,1
21.56,156.21,31.55,0
187.6,292.1,39.5,1
55.74,148.65,32.89,0
36.57,87.62,13.32,0
14.21,33.38,35.2,0
81.65,178.72,42.04,1
50.67,149.09,43.31,1
15.59,289.63,11.56,1
15.69,85.05,17.17,0
31.61,274.62,15.65,0
36.85,125.32,19.26,0
54.81,188.49,29.76,1
33.26,183.47,25.42,1
58.14,220.52,25.42,1
24.31,105.77,9.6,0
33.33,136.09,16.78,1
83.71,209.59,45.03,1
60.01,141.78,41.94,1
34.88,264.92,22.25,1
44.06,433.37,35.25,1
33.44,181.18,28.29,1
9.81,156.7,37.36,1
103.44,324.25,36.09,1
16.53,211.01,23.28,0
25.86,148.52,31.65,1
166.83,467.21,29.32,1
13.7,98.03,23.64,0
31.97,216.38,20.81,1
87.48,189.71,54.96,1
118.63,276.53,23.65,1
50.16,146.15,34.07,0
82.16,377.07,52.72,1
29.47,256.43,31.63,1
1.71,154.95,30.85,0
77.21,273.52,23.73,1
34.26,103.86,29.62,1
26.81,71.79,19.8,0
24.91,107.23,55.0,1
57.34,347.55,9.75,1
56.86,152.63,21.56,1
35.04,238.53,31.91,1
48.42,156.4,30.87,1
13.45,125.53,19.78,0
29.82,126.44,7.47,0
14.03,106.61,10.85,0
13.59,208.79,26.42,1
45.1,138.6,5.95,1
36.5,128.39,33.14,0
24.36,147.87,43.84,1
28.66,131.56,36.36,1
47.92,121.39,40.28,1
58.18,241.21,6.13,0
51.67,192.22,20.25,1
6.74,96.52,12.67,0
2.89,76.5,8.38,0
17.94,241.25,17.82,1
2.94,57.85,52.03,0
95.41,115.62,55.0,1
27.9,197.39,13.73,1
10.47,41.25,24.61,0
27.64,158.55,29.38,0
5.09,138.19,20.33,0
10.72,59.04,45.53,0
25.99,77.14,17.99,0
22.58,158.41,16.22,0
25.82,75.89,14.2,0
49.04,299.04,20.25,1
68.55,159.05,3.08,0
38.29,312.73,20.82,1
71.1,312.53,25.47,1
23.01,137.83,26.39,0
77.85,216.34,12.18,1
38.75,254.54,26.1,0
64.47,125.74,25.8,1
23.41,119.07,26.12,1
37.43,308.02,36.74,1
129.22,331.0,11.85,1
37.22,143.52,20.47,1
68.13,207.33,7.12,0
74.06,154.77,34.9,1
54.56,155.36,13.07,1
61.57,229.54,39.83,1
23.47,124.48,40.58,0
17.43,200.83,21.66,1
14.22,64.32,21.0,0
47.37,214.23,9.18,0
36.4,102.43,24.16,1
45.0,157.88,36.57,1
12.07,89.7,27.96,1
19.92,187.03,48.49,1
66.82,120.53,19.08,0
40.8,225.45,19.07,1
38.97,161.71,13.64,1
29.65,136.76,55.0,1
18.39,102.78,9.12,0
79.63,174.24,35.14,1
88.77,327.2,36.98,1
37.57,120.87,36.12,1
32.1,271.51,14.37,1
93.18,375.8,10.24,1
20.42,126.07,21.65,1
24.72,69.68,32.42,1
64.65,271.64,16.4,1
24.38,230.07,19.91,0
35.96,277.3,16.58,1
3.9,121.63,25.1,0
90.21,237.55,24.17,1
60.89,154.77,53.16,1
75.89,167.28,32.81,1
16.06,159.06,10.59,0
103.54,320.43,11.16,1
33.46,224.19,35.48,1
80.43,206.38,24.03,1
46.44,273.43,55.0,1
62.88,117.48,55.0,1
49.07,459.9,13.6,1
24.22,82.8,28.2,0
7.85,127.8,11.25,0
84.69,226.4,35.16,1
1.96,146.81,55.0,1
67.79,282.34,26.03,1
84.61,157.01,18.69,0
10.06,160.48,29.82,0
25.36,207.4,39.15,1
8.93,240.68,39.29,1
21.31,126.26,18.81,0
75.04,209.28,16.15,0
62.37,186.18,27.35,1
56.6,233.71,19.56,1
25.5,203.28,45.54,1
2.32,104.68,19.42,0
11.56,133.98,24.97,0
29.64,157.41,29.41,1
14.13,79.16,9.35,0
68.3,223.5,16.99,1
105.73,257.51,55.0,1
46.17,111.64,38.25,1
9.93,171.04,19.27,0
86.81,529.91,35.24,1
38.99,116.67,45.13,1
35.08,100.11,21.07,1
53.26,234.01,37.26,1
12.05,114.03,34.42,0
25.85,240.78,11.38,1
33.23,152.28,21.13,1
43.28,130.71,53.92,1
46.59,164.51,55.0,1
53.19,230.94,38.42,1
21.81,196.16,16.65,1
6.26,56.96,4.81,0
29.41,206.86,15.29,1
32.4,162.33,10.38,1
5.94,142.12,55.0,1
20.8,176.06,6.99,0
40.38,104.64,11.58,0
23.66,72.97,27.04,0
39.16,91.03,23.93,1
22.81,230.41,52.48,1
56.04,262.69,33.26,1
15.19,38.8,22.04,1
35.42,157.69,45.99,1
36.76,129.05,18.94,0
66.46,136.01,54.79,1
26.99,257.24,14.03,1
104.73,360.36,2.64,1
102.06,242.01,23.43,1
16.12,105.06,5.41,0
34.62,133.41,39.51,1
10.98,73.24,26.18,0
50.24,148.07,54.87,0
23.39,98.74,20.69,0
38.59,285.02,9.25,1
28.79,66.51,30.93,0
183.05,377.66,17.3,1
31.51,103.75,36.45,1
29.35,205.92,14.21,0
69.53,184.54,49.62,1
76.55,272.86,24.96,1
42.91,96.45,22.09,0
78.03,164.53,47.84,1
163.23,265.65,39.83,1
27.57,156.75,15.46,0
12.3,140.36,39.2,1
47.44,109.32,34.87,1
73.04,124.06,22.82,1
99.05,205.25,37.49,1
53.83,173.47,49.5,1
36.1,138.87,23.21,1
18.34,55.99,23.26,0
84.93,207.59,22.53,1
44.59,204.38,15.08,1
6.44,146.25,23.07,0
129.02,241.61,21.61,1
13.04,146.45,20.88,0
74.0,151.09,20.69,1
41.9,272.28,11.56,1
7.01,98.21,42.01,1
32.93,195.54,16.98,0
27.64,299.19,51.01,1
8.92,118.89,13.21,0
50.15,251.21,55.0,1
66.89,156.84,19.5,1
34.74,236.8,39.46,1
27.04,273.74,26.04,1
52.95,126.27,10.53,1
1.27,191.48,10.91,0
24.59,301.66,16.12,1
26.14,172.19,18.84,0
35.62,257.71,23.64,1
8.34,258.12,29.25,1
4.57,210.05,21.88,0
14.26,92.51,28.37,0
49.58,206.92,31.0,1
25.77,194.05,21.31,1
14.18,48.35,34.55,1
115.85,231.11,38.84,1
27.02,160.87,31.44,1
35.78,197.19,32.44,1
84.05,149.99,26.97,1
39.87,149.82,44.01,1
52.57,192.37,23.95,1
17.54,114.38,16.3,0
37.29,70.88,24.36,1
106.11,342.41,10.66,1
47.82,378.75,9.82,1
42.87,193.36,38.94,1
29.25,181.33,51.46,1
10.82,131.08,19.86,0
77.92,129.4,39.14,1
33.62,74.4,7.26,0
19.84,35.17,6.39,0
9.67,236.03,44.68,1
44.53,355.7,31.5,1
12.62,171.44,24.01,0
78.4,174.51,55.0,1
20.88,130.8,22.1,1
37.93,209.72,12.59,1
47.13,267.01,8.92,1
43.21,164.78,24.35,1
67.04,168.23,26.94,1
22.59,87.84,21.33,0
35.98,125.58,39.62,1
54.66,220.6,48.48,1
99.29,244.3,19.73,1
63.72,201.8,7.25,1
72.26,139.11,28.46,1
27.59,134.18,44.49,1
47.8,239.44,19.78,1
89.7,354.76,32.44,1
34.6,220.89,12.01,1
48.01,267.42,28.08,1
7.47,41.77,32.76,0
58.5,298.95,28.52,1
42.53,200.1,55.0,1
55.76,194.62,51.13,1
28.13,175.11,35.69,1
5.62,299.29,42.24,1
60.48,154.27,27.97,1
19.69,166.76,23.41,0
8.41,122.74,18.55,0
40.36,109.64,11.84,0
108.01,153.26,52.4,1
17.16,85.71,55.0,1
20.39,100.45,24.69,0
62.64,180.01,24.93,1
30.29,249.7,33.52,1
60.33,129.01,22.16,1
29.0,108.16,12.82,0
25.37,315.64,10.45,0
17.93,113.57,55.0,1
45.36,130.68,7.99,0
17.83,105.18,29.13,1
24.11,156.64,8.72,0
77.53,195.7,22.8,1
139.52,221.07,19.67,1
49.65,148.62,9.7,1
79.62,274.6,34.16,1
26.57,169.19,12.26,0
29.56,280.86,8.85,0
41.8,147.01,36.24,1
19.95,214.52,19.72,0
25.07,223.45,15.22,1
58.88,137.34,37.46,1
36.63,190.09,11.86,0
32.09,159.23,7.39,0
30.87,66.64,46.73,1
14.37,61.33,55.0,0
40.64,176.09,22.45,1
19.96,57.92,2.44,0
7.39,39.28,22.28,0
12.52,137.88,38.64,1
31.33,53.27,44.21,1
55.5,117.28,12.73,1
66.14,191.17,20.3,1
9.78,122.55,27.86,1
51.61,164.34,37.42,1
112.41,282.5,35.27,1
68.48,279.21,32.21,1
39.47,262.32,44.15,1
41.94,346.41,23.39,1
38.62,62.72,52.66,1
23.59,98.6,17.32,0
70.79,129.86,35.57,1
15.54,325.38,18.84,0
41.04,167.66,22.64,0
7.24,123.38,24.73,0
75.3,167.58,18.22,1
39.81,129.03,45.19,1
9.05,97.93,19.39,0
92.97,186.65,24.01,1
33.22,121.24,33.31,1
11.27,281.0,55.0,1
119.15,487.12,33.98,1
29.06,384.74,25.22,1
18.2,52.83,6.52,0
42.56,123.42,22.29,0
12.61,32.76,16.32,0
23.59,52.23,20.14,0
85.69,448.6,18.61,1
29.63,180.42,33.12,1
49.44,241.05,22.02,1
88.33,198.9,14.02,1
28.89,145.34,39.52,1
17.52,253.84,11.07,0
56.24,182.12,24.57,1
10.83,139.85,22.39,0
15.83,198.23,29.6,0
8.8,178.76,44.4,0
84.04,207.33,55.0,1
37.57,128.41,25.21,0
57.76,144.32,16.16,0
16.79,241.59,15.23,0
48.02,178.71,15.19,1
49.25,123.19,29.0,1
118.75,322.79,5.48,1
54.28,176.2,10.64,1
66.03,99.66,29.02,1
39.85,116.68,40.6,1
1.62,123.78,40.73,0
44.93,84.38,25.89,0
31.16,177.63,37.78,1
29.96,191.5,44.82,1
24.49,239.1,19.22,1
29.96,167.89,42.36,1
20.76,100.37,8.37,0
61.69,96.17,10.44,1
14.54,47.84,19.9,0
108.43,217.43,7.64,1
58.05,166.99,33.42,1
73.41,111.77,17.55,1
15.55,159.82,22.52,1
23.08,114.83,23.01,0
38.67,101.53,19.61,0
35.88,87.41,15.13,0
58.15,329.28,32.54,1
35.99,66.41,17.33,0
112.34,425.52,22.83,1
15.86,81.27,29.77,1
12.99,342.94,44.62,1
22.15,58.03,42.71,0
30.01,182.23,18.26,0
77.89,319.7,14.65,1
47.07,291.96,49.56,1
2.2,153.95,17.27,0
2.55,141.69,31.81,1
32.26,75.0,7.35,0
25.29,230.09,5.37,0
33.01,261.3,25.2,1
30.03,153.83,21.07,1
101.5,237.62,36.38,1
69.94,539.81,15.24,1
23.15,69.15,28.52,0
35.48,189.85,35.32,1
28.09,229.93,15.62,0
4.26,36.98,19.89,0
24.07,59.32,11.81,0
24.35,98.16,37.1,0
20.04,98.0,32.77,0
23.48,93.72,34.13,0
28.54,108.43,21.02,1
49.9,131.26,32.46,1
21.46,144.09,3.0,0
85.94,150.03,22.12,1
15.69,116.83,54.14,1
76.13,194.94,24.06,1
44.25,136.49,41.38,1
11.92,166.1,21.09,0
27.95,290.24,48.02,1
104.1,148.82,14.62,1
15.96,76.49,30.55,1
106.09,292.38,16.43,1
50.92,193.53,27.84,0
44.81,239.79,17.32,1
48.8,227.94,24.0,1
27.38,106.7,18.85,0
16.6,290.51,34.63,1
36.72,314.51,31.26,1
46.02,107.92,16.08,1
52.62,305.23,15.8,1
51.14,319.16,13.85,1
60.8,384.9,12.18,1
133.76,315.07,35.92,1
43.19,140.52,13.36,1
82.9,158.74,29.15,1
54.01,151.37,17.9,1
143.22,192.79,40.73,1
38.66,194.84,55.0,1
35.51,143.96,2.34,0
79.38,122.37,14.51,1
79.44,156.42,17.72,1
29.23,269.91,21.44,0
52.62,210.56,20.68,1
61.24,132.42,10.35,1
58.84,378.09,55.0,1
48.85,194.24,21.12,1
6.66,60.16,31.19,0
59.44,157.13,31.72,1
61.4,102.22,8.83,0
50.29,323.93,19.49,1
26.71,225.48,35.92,1
97.19,170.46,49.69,1
16.32,43.56,19.73,0
80.43,277.29,9.97,1
16.13,158.66,16.83,0
73.76,323.68,19.23,1
16.81,36.67,18.8,0
70.82,256.38,13.86,1
111.9,227.95,9.26,1
112.18,508.95,11.74,1
96.06,146.56,16.91,1
38.48,247.98,35.59,1
23.15,211.5,43.13,0
33.94,76.39,25.52,0
76.32,176.75,11.95,1
58.79,231.92,17.5,1
151.8,225.3,5.56,1
25.1,100.09,50.21,1
117.02,341.12,15.89,1
36.05,380.85,29.74,1
16.07,228.78,41.5,1
47.66,92.84,55.0,1
57.73,68.21,37.75,1
90.13,146.02,18.74,1
25.02,209.49,31.99,0
47.65,245.68,55.0,1
39.0,133.16,15.79,0
29.15,84.4,8.94,0
109.12,209.0,13.93,1
58.32,90.46,30.81,1
3.72,9.18,19.02,0
48.23,196.71,22.72,1
8.48,146.73,33.71,0
44.76,97.4,13.73,0
10.09,225.06,22.08,1
58.51,184.4,17.32,1
8.34,77.49,55.0,0
16.91,169.1,37.11,1
68.07,458.98,19.1,1
38.49,72.34,18.47,0
11.07,418.91,55.0,1
104.56,229.5,55.0,1
27.76,202.36,30.69,1
31.63,214.4,23.34,1
33.93,104.62,10.47,0
61.96,154.73,14.0,1
29.53,294.76,9.95,0
34.99,329.1,42.4,1
84.25,192.93,10.58,1
77.21,430.12,18.33,1
33.34,149.69,6.39,0
34.25,236.51,8.33,1
2.07,76.87,34.57,0
44.17,238.32,28.1,1
69.87,172.77,23.83,1
28.28,484.73,18.53,1
94.26,252.06,7.59,1
7.34,336.56,17.06,0
17.98,158.82,21.3,0
89.27,215.66,33.28,1
67.96,206.58,41.13,1
6.85,384.61,35.17,1
8.44,98.35,28.0,1
59.16,504.56,23.62,1
50.71,272.71,26.45,1
31.21,397.64,16.37,1
92.08,147.73,24.8,1
22.13,221.5,21.23,0
4.0,275.86,55.0,1
61.94,338.22,26.83,1
71.86,271.09,5.21,1
23.25,120.9,17.94,1
13.67,107.05,19.88,0
4.27,93.79,37.8,0
37.93,189.95,28.78,0
48.88,185.99,27.97,1
75.52,175.97,47.23,1
51.09,162.49,55.0,1
24.82,152.31,34.54,1
44.18,67.76,18.77,0
78.16,181.94,19.12,1
48.41,133.71,1.43,1
70.51,124.22,43.96,1
14.31,70.61,19.08,0
60.26,162.86,22.7,0
51.15,207.4,17.71,1
29.28,191.49,11.82,0
79.15,255.26,55.0,1
132.65,295.0,22.79,1
6.59,98.49,50.9,0
30.46,86.58,19.24,0
35.86,102.05,15.88,0
37.96,156.23,32.93,0
22.59,160.83,41.03,0
8.1,216.96,42.48,1
31.75,309.49,21.14,1
36.08,132.18,34.84,1
29.6,170.85,16.96,0
36.74,217.84,24.61,1
44.96,172.71,19.95,1
32.69,100.29,18.18,0
22.37,98.26,25.2,1
36.9,255.66,11.62,1
47.53,148.14,39.21,1
39.43,146.69,18.23,0
138.52,160.54,38.19,1
50.03,302.05,13.24,1
38.1,222.47,18.19,1
19.67,63.65,11.59,0
20.08,190.89,11.31,0
29.66,207.73,14.37,0
30.39,357.28,13.37,1
29.48,100.89,11.65,0
51.6,216.64,23.66,1
77.41,164.54,32.58,1
62.09,146.42,33.52,1
57.1,349.17,7.18,1
17.81,237.57,19.87,0
85.34,129.96,18.71,1
19.3,58.9,47.69,1
46.68,221.39,20.33,1
54.66,168.0,22.53,1
87.03,152.11,9.09,1
122.26,298.97,14.13,1
28.67,192.02,8.71,0
43.88,169.75,24.53,1
81.73,215.27,48.51,1
129.22,197.98,14.44,1
31.18,193.74,20.42,0
18.62,376.05,13.42,1
11.05,62.32,16.14,1
6.96,222.38,24.83,0
21.43,80.53,55.0,1
71.02,263.75,47.22,1
73.89,185.35,54.77,1
50.02,245.67,38.38,1
30.1,83.74,20.26,0
51.71,62.99,18.65,0
39.89,176.77,14.49,0
31.24,237.78,3.54,1
48.37,188.51,20.07,1
29.07,212.37,48.89,1
48.2,140.67,48.59,1
53.8,239.94,55.0,1
63.35,353.58,25.89,1
8.45,100.07,10.47,0
86.12,267.67,31.39,1
36.06,111.85,55.0,1
123.16,431.3,52.37,1
71.35,116.3,17.4,1
19.1,177.12,11.13,1
57.76,185.65,10.93,1
81.92,174.04,15.07,1
32.46,122.49,16.5,1
17.87,138.85,19.38,1
15.32,298.21,33.72,1
10.72,156.7,18.98,0
4.59,35.17,23.98,0
36.6,75.72,8.29,0
16.04,161.62,14.51,0
23.27,252.39,14.09,1
125.09,195.42,7.34,1
53.98,194.44,18.7,1
18.6,249.75,8.33,0
163.67,317.74,17.92,1
47.92,180.04,25.05,1
154.36,255.48,49.34,1
105.81,217.49,13.65,1
49.14,236.37,24.65,1
36.37,237.51,15.72,1
70.36,269.29,8.02,1
46.12,123.87,49.65,0
27.16,42.33,25.71,0
25.82,119.53,30.5,1
78.21,290.8,54.05,1
18.56,338.64,17.87,1
77.46,139.31,10.11,1
40.7,222.04,13.52,1
8.82,90.23,9.5,0
81.73,352.96,42.31,1
18.99,229.59,55.0,1
21.29,172.9,24.9,1
33.66,192.17,34.24,0
37.96,292.57,39.27,1
49.37,82.17,55.0,1
78.86,196.54,55.0,1
77.07,133.1,6.14,1
25.17,182.01,16.0,0
25.86,163.71,23.3,0
73.14,224.55,14.81,1
16.15,66.24,19.67,1
40.69,271.09,29.4,1
100.64,293.62,4.34,1
28.33,120.17,28.96,1
10.54,212.49,38.57,1
19.0,40.14,23.6,1
20.08,77.33,3.84,0
17.63,138.17,18.7,0
32.42,134.76,27.8,0
152.38,416.01,40.08,1
56.67,241.92,36.96,1
34.91,331.3,21.77,1
37.26,81.32,15.36,0
22.4,124.13,22.37,0
37.15,92.16,6.84,1
97.69,249.73,16.3,1
41.72,85.88,44.16,1
76.74,216.53,22.33,1
69.86,92.16,28.47,1
147.8,222.45,9.23,1
68.98,272.49,39.93,1
141.13,262.47,21.12,1
80.71,118.71,27.93,0
49.39,272.09,31.41,1
20.8,245.62,39.13,1
76.43,273.33,25.55,1
80.93,171.65,21.41,1
82.41,255.89,10.66,1
1.76,238.33,8.65,1
27.75,141.52,25.26,0
56.15,173.25,28.03,1
29.47,160.96,30.66,1
25.69,224.3,13.7,1
22.33,165.64,16.39,0
9.12,189.76,25.0,0
54.02,164.21,17.66,1
24.25,132.73,55.0,0
28.38,212.93,16.18,1
34.91,117.68,29.12,1
60.41,122.96,36.35,1
48.42,128.68,37.58,1
46.79,152.25,17.48,0
3.72,129.92,31.49,0
77.77,168.81,29.34,1
118.21,215.88,32.25,1
45.85,201.99,24.81,0
15.63,89.73,36.49,1
26.25,221.16,26.51,1
16.28,84.16,9.82,0
109.05,233.25,26.06,1
28.25,147.55,27.82,0
47.42,309.99,35.09,1
33.82,145.05,25.27,0
58.44,269.42,55.0,1
19.63,204.43,21.86,0
46.06,133.48,16.93,1
28.47,278.14,47.3,1
84.91,175.15,21.51,1
4.23,107.15,23.95,0
31.05,194.56,27.82,1
79.43,176.23,26.52,1
73.16,118.2,32.11,1
9.83,113.82,33.96,0
67.69,170.6,16.02,1
18.05,83.1,11.26,0
23.01,146.32,12.15,0
76.46,201.45,44.49,1
30.54,187.28,20.48,0
9.15,66.38,36.17,0
14.21,73.86,34.47,0
41.05,239.63,23.94,1
29.74,96.53,13.57,0
29.3,174.6,34.93,1
57.72,166.38,23.48,1
50.47,127.5,10.79,1
31.46,292.12,17.75,1
74.02,200.14,8.17,1
58.07,142.71,18.26,0
48.3,87.08,24.66,1
26.07,203.54,22.06,1
82.16,148.55,20.54,1
29.02,277.09,24.51,1
31.17,149.02,31.04,0
110.69,558.31,37.75,1
18.93,121.75,40.55,1
18.71,83.34,14.92,1
32.13,159.74,42.72,1
15.5,97.98,23.5,0
15.87,41.11,19.23,0
108.56,311.89,12.39,1
31.73,179.19,3.59,0
49.47,122.3,29.85,1
10.8,67.58,29.22,0
17.53,79.08,16.79,1
118.64,242.31,17.09,1
15.63,360.06,21.59,1
50.6,158.16,19.03,1
1.54,38.79,14.5,0
10.0,75.92,11.52,0
31.33,164.15,42.98,1
72.46,146.57,17.7,1
39.35,89.28,29.12,0
33.56,143.32,32.33,1
61.41,127.17,29.93,1
45.57,183.04,33.3,1
7.44,147.13,29.75,1
37.43,202.93,15.84,1
26.53,208.83,19.67,1
32.6,104.09,42.36,1
25.91,227.17,17.39,1
37.81,133.84,23.52,0
51.86,82.09,31.12,1
12.15,200.27,50.75,0
21.67,280.14,40.32,1
60.01,165.84,13.23,0
65.4,272.95,28.61,1
98.36,209.13,26.79,1
39.95,123.23,19.77,0
20.63,132.49,23.91,1
21.99,141.2,15.74,0
38.99,172.14,21.36,1
17.47,116.6,17.49,0
93.85,277.35,24.94,1
25.77,186.25,19.35,1
85.09,146.56,52.84,1
15.48,102.83,25.41,0
32.7,210.5,22.72,0
28.94,138.19,20.71,0
10.49,84.87,19.38,0
30.75,137.73,10.8,0
45.44,88.77,36.12,1
3.85,242.6,47.33,1
55.33,177.03,17.33,0
48.32,130.69,42.24,1
37.14,78.99,55.0,0
63.36,368.51,55.0,1
66.43,105.53,46.21,1
187.29,338.22,11.68,1
9.96,109.43,11.59,0
103.24,210.25,33.21,1
74.99,189.75,23.65,1
48.29,133.01,5.85,0
15.76,135.54,18.52,0
27.28,157.87,32.41,0
24.23,195.53,21.54,1
34.27,195.03,23.72,1
61.63,123.78,11.58,1
90.4,160.88,18.38,1
123.21,324.85,33.28,1
27.46,118.93,17.86,0
42.86,188.68,44.07,1
18.53,244.23,24.02,0
77.37,201.29,29.79,1
50.55,110.91,32.88,0
31.86,93.01,32.16,1
9.34,108.46,13.0,0
43.3,142.63,14.44,0
46.71,101.04,5.77,0
6.63,74.61,19.63,0
12.34,174.28,13.78,0
42.52,246.18,17.54,1
116.13,209.3,20.81,1
82.97,92.62,25.8,1
32.57,187.02,21.73,0
28.85,63.51,21.5,0
21.12,66.45,28.51,0
19.3,124.89,23.13,1
30.54,262.76,37.55,1
139.44,315.39,23.17,1
28.68,194.4,50.92,1
37.84,144.13,12.67,0
13.18,64.29,19.43,0
56.85,269.97,15.91,1
37.35,89.64,26.35,0
27.34,170.94,12.67,0
16.26,144.98,9.29,0
20.12,67.87,14.18,0
25.89,59.68,9.72,0
27.23,192.78,20.97,1
16.11,134.19,25.76,0
34.76,247.08,8.39,0
44.05,183.78,18.74,0
64.12,193.96,40.26,1
111.87,137.66,46.54,1
6.45,134.02,34.72,1
48.97,159.55,4.24,0
29.78,170.61,24.48,1
4.51,115.17,42.78,1
22.42,131.32,17.65,1
59.52,164.3,10.91,1
54.16,131.1,41.08,1
41.04,205.37,44.32,1
20.55,452.53,23.04,1
92.68,142.6,10.98,1
14.37,77.7,7.69,0
27.65,191.59,27.83,1
31.74,129.01,15.99,1
35.29,121.0,22.23,1
156.77,190.72,20.91,1
105.75,171.71,13.72,1
52.93,111.82,7.41,0
37.56,72.9,17.93,0
37.24,234.04,25.01,1
62.61,186.66,25.66,0
80.95,489.51,15.39,1
14.06,146.03,43.84,1
112.57,165.53,11.68,1
51.07,190.37,3.47,1
24.15,180.87,38.57,1
33.74,114.75,24.57,0
53.05,206.96,18.02,1
54.9,206.62,29.83,1
16.35,85.0,20.2,0
36.14,206.6,9.21,0
43.95,179.83,11.15,0
81.79,198.98,19.46,1
87.83,212.13,16.66,1
12.56,65.14,38.09,0
38.99,282.65,16.21,1
23.1,119.47,15.62,0
52.18,142.68,14.43,0
151.61,294.03,13.7,1
75.34,450.25,13.97,1
55.52,230.01,10.11,1
66.78,164.15,25.14,1
100.75,242.14,21.18,1
70.78,211.66,20.68,1
14.68,131.36,8.01,0
118.22,172.43,28.44,1
41.92,219.47,30.0,1
50.7,137.49,49.61,1
87.76,160.16,29.12,1
146.82,239.27,54.98,1
27.56,232.04,15.17,0
84.53,170.18,51.04,1
26.22,135.85,29.63,1
47.72,370.5,27.62,1
10.54,99.6,20.38,0
26.34,133.56,17.98,1
46.0,161.6,15.87,1
57.66,146.2,51.97,1
55.37,161.79,20.01,0
77.31,201.19,29.92,1
29.53,115.52,33.52,0
36.52,69.08,33.26,1
37.88,81.55,25.21,0
31.27,144.35,50.54,1
18.94,282.09,28.65,0
42.13,138.37,15.63,1
68.88,203.33,18.47,1
49.95,262.99,8.31,1
28.3,181.05,26.73,1
42.74,157.8,31.29,1
26.94,134.42,32.76,0
58.69,134.2,29.63,0
70.44,245.29,20.42,1
71.6,277.53,22.63,1
33.7,40.19,22.67,1
27.4,202.97,38.17,1
77.31,235.34,6.25,1
31.75,124.04,17.27,0
42.24,117.94,12.12,0
49.58,196.17,55.0,1
39.72,83.2,42.22,1
64.58,158.78,17.7,1
11.74,145.94,9.44,0
54.96,284.26,11.17,1
21.23,300.44,37.89,0
29.13,87.09,8.15,0
45.24,185.82,22.84,1
9.06,124.33,34.61,1
35.09,197.99,10.49,1
30.73,135.71,22.7,1
36.54,204.66,17.87,1
29.44,161.94,16.53,0
42.44,123.44,14.91,0
26.17,195.2,36.15,0
38.61,145.06,47.02,1
45.16,165.45,19.51,1
79.19,144.21,27.69,0
90.89,189.34,22.99,1
12.7,239.49,6.83,0
83.3,166.05,19.07,1
18.84,298.93,5.92,0
38.84,161.8,17.01,1
9.69,146.21,22.35,1
5.54,78.78,33.12,1
145.87,321.01,26.34,1
39.61,80.93,36.65,1
33.46,133.49,13.49,0
48.97,122.52,43.87,1
34.06,81.13,47.04,1
69.87,232.65,5.71,1
47.04,149.58,7.83,0
62.37,182.51,22.05,1
21.41,97.2,16.27,0
11.07,193.5,17.78,0
75.26,207.17,26.2,1
50.47,300.39,37.44,1
14.71,93.36,13.05,0
14.93,93.27,40.79,0
43.11,197.05,14.75,0
59.07,323.16,55.0,1
18.73,104.5,44.03,0
103.97,125.46,15.67,1
64.41,116.38,9.58,0
78.84,305.63,15.45,1
42.32,139.77,14.2,0
39.78,335.02,30.92,1
13.55,71.24,5.82,0
21.57,176.13,7.9,0
36.22,192.61,30.45,0
51.39,94.89,13.84,0
45.11,89.32,17.14,1
6.64,106.26,34.52,0
17.85,180.26,38.34,1
47.21,190.55,42.9,1
52.31,157.22,32.97,1
29.05,131.69,20.03,0
60.68,87.56,19.08,1
60.06,126.87,17.82,1
139.61,177.55,10.52,1
39.98,181.58,12.73,1
28.2,80.43,39.93,1
18.83,243.58,14.69,0
11.99,132.06,10.56,0
58.34,123.76,41.71,1
53.97,258.77,25.32,1
13.44,62.09,4.79,0
58.61,108.08,52.58,1
43.98,107.83,49.61,1
31.52,237.02,11.16,1
6.07,302.79,21.23,0
53.6,91.6,12.15,0
113.36,595.74,12.08,1
20.91,186.39,17.51,1
44.04,131.82,31.42,1
56.59,213.49,31.52,1
3.4,211.3,29.42,0
18.16,84.45,20.0,0
10.28,218.86,32.44,1
112.92,228.04,10.46,1
3.18,40.68,25.55,0
31.41,195.83,22.75,1
47.66,304.11,19.31,1
20.77,168.03,26.1,0
4.07,60.37,5.43,0
32.43,181.03,12.29,1
20.48,154.89,30.05,0
51.45,207.77,22.42,1
65.09,100.82,8.4,1
13.54,52.85,22.13,0
22.31,103.74,16.36,1
23.25,209.73,40.47,1
64.44,234.93,10.95,1
40.53,239.09,11.21,0
14.05,172.05,27.96,0
78.77,257.85,20.46,1
20.72,154.64,19.9,1
25.57,130.91,55.0,1
17.17,184.45,32.01,1
42.83,95.36,18.46,1
29.03,91.44,7.69,0
94.64,143.25,17.85,1
40.94,169.26,10.24,1
18.1,71.22,12.79,0
37.71,57.33,13.06,0
103.63,146.69,38.74,1
12.58,269.27,8.88,1
53.56,182.65,36.66,1
6.16,210.8,28.66,1
90.24,128.8,28.43,1
26.11,179.9,12.47,0
17.66,67.29,34.04,0
99.47,250.65,11.57,1
35.85,52.7,47.45,1
36.9,235.42,39.24,1
26.43,191.38,51.85,1
27.36,148.14,22.82,0
5.45,254.4,20.45,0
53.0,239.24,17.57,1
10.35,80.91,55.0,0
71.55,122.8,31.26,1
14.86,405.46,10.32,0
39.5,113.07,44.51,1
22.96,130.89,20.0,0
26.42,86.84,3.42,0
30.66,211.09,14.17,1
47.26,111.99,39.22,1
97.57,215.1,28.72,1
25.9,173.82,31.9,1
4.37,81.97,44.27,1
83.82,230.54,6.8,1
58.79,341.64,14.28,1
14.33,147.97,23.12,0
12.05,184.01,39.86,0
48.82,140.48,11.52,1
42.86,129.62,18.39,0
113.9,163.17,22.28,1
53.37,180.07,13.84,1
21.76,227.9,22.14,1
17.75,184.51,20.39,0
38.53,124.89,16.12,0
5.78,102.99,34.0,0
8.42,293.55,30.7,0
12.77,168.07,34.83,1
21.29,204.3,36.51,1
35.41,231.36,50.32,1
55.9,144.92,8.19,0
87.2,169.59,8.83,1
76.15,164.08,32.42,1
68.19,149.27,17.03,0
25.6,278.54,15.76,1
18.19,122.8,14.34,0
48.1,280.66,35.49,1
50.33,157.13,55.0,1
14.05,124.94,36.41,1
30.55,60.17,16.57,0
16.91,101.72,34.51,1
8.08,264.92,8.64,0
45.5,296.87,2.88,0
67.27,150.7,19.57,0
107.01,128.09,6.81,1
32.4,94.15,17.05,0
6.51,89.43,24.57,0
119.71,203.0,55.0,1
126.78,210.04,41.6,1
204.48,323.44,6.91,1
152.7,209.94,7.39,1
43.54,152.19,13.9,1
36.67,175.27,55.0,1
62.45,149.86,7.13,0
9.81,132.29,14.41,0
20.3,301.06,14.36,0
32.76,203.72,27.93,1
78.09,235.0,35.0,1
80.49,172.63,30.86,1
34.21,115.09,25.76,1
10.86,123.34,8.4,0
66.46,221.4,23.51,1
10.11,142.97,44.96,1
23.44,148.57,53.19,1
43.31,230.19,27.51,1
8.95,158.71,6.95,0
19.2,199.5,27.77,0
73.6,138.27,20.35,1
62.49,113.4,7.75,0
12.33,279.58,11.09,0
47.22,67.09,12.47,0
6.38,61.71,32.49,0
57.87,149.51,51.97,1
20.76,252.0,29.76,1
31.05,80.78,33.06,0
39.49,70.35,21.2,0
13.09,80.21,15.61,0
19.37,104.35,30.22,0
109.72,231.31,25.95,1
29.29,188.12,13.21,1
41.19,231.53,24.97,1
41.7,83.94,22.02,0
88.82,107.1,18.3,0
65.22,184.35,15.27,1
13.78,62.81,27.49,0
96.52,175.81,15.89,1
120.96,215.95,55.0,1
13.7,96.77,29.2,0
27.8,55.83,27.76,0
33.57,160.2,19.88,0
28.69,351.14,17.35,1
58.08,166.94,5.82,1
31.21,383.06,13.77,0
23.74,43.29,6.84,0
59.98,126.27,6.77,0
4.54,297.5,10.01,0
43.6,108.62,42.4,0
53.32,185.48,42.29,1
92.4,202.74,13.98,1
38.91,131.83,8.26,0
6.94,198.54,16.88,0
40.71,153.5,32.3,1
6.34,178.77,37.7,0
49.26,346.5,24.77,1
81.73,276.76,27.3,1
34.97,89.99,25.81,0
31.24,425.7,7.2,1
64.19,219.93,8.83,1
47.94,146.55,53.14,1
60.84,109.21,24.7,0
150.53,267.7,4.78,1
25.06,94.81,28.23,1
51.66,91.6,12.08,0
97.63,149.29,39.38,1
98.66,133.6,37.08,1
55.28,78.94,31.31,0
30.22,119.52,24.54,1
60.28,164.69,44.66,0
61.18,204.6,47.16,1
68.56,467.05,12.29,1
14.59,167.63,31.12,0
118.84,198.82,15.38,1
97.87,184.7,11.15,1
35.83,163.4,47.14,0
91.44,144.98,33.93,1
33.92,202.38,25.71,0
106.37,198.05,13.07,1
40.48,225.64,47.9,1
17.57,137.87,11.97,0
137.41,235.68,10.25,1
66.66,282.17,22.06,1
32.21,70.47,32.3,0
112.37,251.96,17.9,1
60.75,328.14,55.0,1
29.05,152.57,24.31,1
113.31,222.36,15.34,1
68.35,256.18,16.43,1
48.85,128.49,55.0,1
38.51,132.98,20.85,1
16.96,65.44,46.24,0
2.49,79.08,6.6,0
63.68,225.47,39.82,1
13.84,109.85,13.48,0
16.95,78.7,34.39,0
33.48,254.45,13.41,0
34.14,238.31,17.16,0
19.06,380.58,10.93,0
63.64,130.49,34.76,0
7.47,210.67,37.83,0
62.74,222.01,13.76,1
30.49,158.34,7.87,0
18.2,295.36,45.87,1
8.29,147.26,14.82,0
43.58,114.46,20.2,1
12.81,102.9,12.22,0
11.02,47.57,32.9,0
96.91,253.08,33.36,1
9.95,284.63,50.07,1
7.31,147.22,40.47,0
59.22,187.25,38.93,1
46.27,230.97,21.32,1
23.55,191.43,19.79,0
15.96,240.13,32.64,1
20.19,132.57,20.62,1
24.11,171.72,41.24,1
54.41,163.13,11.72,1
44.37,92.14,6.5,0
27.8,83.14,30.51,1
27.55,101.68,16.0,0
61.16,107.76,10.57,1
18.14,143.57,55.0,1
7.98,199.79,22.51,0
89.83,170.07,8.99,1
27.83,59.34,14.83,0
128.2,197.4,18.79,1
24.66,121.12,30.15,0
36.93,220.9,14.88,0
16.82,135.17,20.39,0
44.92,163.1,26.23,1
28.11,179.83,29.08,1
30.94,231.85,21.28,1
40.07,308.77,55.0,1
25.13,105.57,33.1,0
43.84,156.23,32.07,0
20.46,100.79,31.41,1
42.15,189.24,41.41,1
6.41,37.71,25.22,0
9.95,320.25,11.59,1
16.57,173.15,28.29,1
12.13,154.5,30.35,0
13.11,83.57,45.0,0
52.03,140.63,10.83,1
28.74,75.39,12.63,0
25.13,92.98,22.94,0
44.15,245.07,31.92,1
46.68,83.14,9.53,0
22.78,369.78,11.03,0
74.75,298.47,36.24,1
30.09,170.68,9.8,0
55.64,120.21,12.74,0
20.43,193.0,37.52,1
42.87,205.82,31.66,1
59.42,138.81,14.98,1
54.61,209.11,29.62,1
51.04,147.26,26.46,1
19.57,48.91,20.79,0
11.6,60.58,17.63,0
10.3,229.39,28.96,1
24.15,110.35,10.39,0
22.72,95.41,28.77,1
47.25,172.33,25.06,1
35.84,57.95,26.11,0
10.6,127.38,12.38,0
66.95,197.0,45.62,1
41.13,210.88,15.01,1
18.42,74.15,16.51,0
21.28,99.71,20.3,0
89.39,217.58,31.62,1
12.13,71.5,25.66,0
92.62,227.31,7.67,1
28.15,153.0,22.32,0
29.71,50.38,23.42,0
44.33,242.57,46.24,1
7.76,68.25,18.6,0
41.0,159.73,30.08,1
58.59,371.44,55.0,1
23.61,88.74,41.92,0
33.64,185.98,11.94,1
130.1,487.97,33.99,1
63.15,229.18,28.84,1
15.43,238.16,18.23,1
22.41,73.92,34.21,1
27.45,294.94,11.83,1
65.99,95.82,15.2,0
15.38,174.7,20.43,0
54.71,170.39,17.72,1
54.97,149.47,32.17,1
35.29,119.34,21.96,1
67.55,235.86,16.65,1
16.82,87.38,41.53,0
77.16,164.23,31.49,1
6.06,166.07,8.74,0
15.3,232.87,8.62,0
6.23,114.04,16.73,0
17.7,291.44,9.49,0
55.69,185.24,37.92,1
45.75,167.77,15.65,1
40.73,503.11,30.06,1
17.45,163.78,33.73,1
33.2,365.38,5.86,1
77.7,517.73,16.1,1
18.12,71.04,19.88,0
18.88,88.67,26.31,0
19.59,54.51,36.75,0
39.12,214.82,55.0,1
52.17,229.45,52.92,1
60.96,141.73,21.81,1
27.39,46.81,21.66,0
25.34,176.06,49.91,1
21.56,59.08,22.51,0
49.83,152.33,15.87,1
8.08,189.63,38.26,1
30.41,157.85,27.04,1
30.56,247.05,8.53,0
55.52,154.26,18.7,1
10.7,82.73,9.69,0
58.62,121.42,3.41,1
47.63,226.29,55.0,1
110.97,221.63,24.21,1
97.17,166.72,19.12,1
73.93,220.31,16.65,1
4.3,36.75,22.76,0
11.77,132.62,16.52,0
67.74,205.59,12.08,1
29.82,179.34,17.12,0
97.06,371.83,47.25,1
35.95,131.23,37.78,1
54.15,193.26,17.13,1
51.41,204.46,55.0,1
35.23,146.74,21.65,0
68.53,117.28,13.86,1
57.22,246.16,27.73,1
12.88,32.04,51.35,1
135.95,187.02,46.03,1
11.78,105.3,14.29,0
18.81,69.75,10.54,0
53.5,174.08,18.09,0
46.57,275.61,30.37,1
60.64,399.85,35.03,1
29.04,141.87,42.49,1
49.08,194.81,24.98,1
19.96,140.13,25.45,0
35.94,144.85,24.46,0
89.31,198.63,39.49,1
11.72,314.95,35.38,1
71.47,94.76,13.97,1
30.75,229.31,33.0,1
16.34,80.93,38.1,0
17.39,117.52,39.78,1
30.03,79.23,27.06,0
73.76,120.01,26.23,1
48.86,266.04,22.21,1
10.77,85.44,23.57,0
68.95,186.65,55.0,1
61.2,218.55,24.03,1
6.15,280.38,14.68,0
15.66,63.14,27.38,0
79.05,363.86,34.65,1
35.38,171.2,38.88,0
68.66,200.83,11.99,1
2.9,97.55,49.01,0
1.52,86.94,33.94,0
56.19,89.89,47.51,0
21.67,260.99,9.24,1
58.46,102.99,40.61,1
69.29,147.53,11.62,1
22.02,239.57,19.37,1
32.85,140.52,34.55,0
27.35,80.68,10.89,0
21.71,212.44,16.44,0
41.76,127.68,9.13,0
64.43,141.85,34.04,1
18.95,64.88,13.83,0
18.86,100.88,23.15,1
22.19,115.18,28.87,1
53.56,208.91,27.21,1
68.96,137.56,25.83,0
26.97,270.41,25.8,1
4.62,225.69,9.54,0
13.88,234.93,20.0,0
25.66,155.48,25.67,0
16.81,200.08,24.1,1
10.68,184.02,21.38,0
36.66,243.79,15.01,1
158.26,376.94,26.88,1
14.77,192.6,29.72,1
42.05,222.11,17.78,1
51.71,222.05,39.02,1
54.73,235.01,49.57,1
33.64,156.18,23.41,1
11.24,90.04,14.17,0
64.15,118.99,10.81,1
7.27,52.81,19.2,0
30.99,89.38,22.43,0
28.54,239.6,10.43,0
12.19,276.16,18.85,0
22.19,197.39,37.91,1
53.42,190.97,5.18,0
30.98,64.63,24.26,1
8.76,118.4,16.38,0
58.87,134.82,22.83,1
108.84,184.78,51.01,1
10.12,137.38,22.22,0
33.04,207.53,20.4,1
33.99,153.49,32.85,1
9.86,384.57,27.08,1
80.87,215.92,24.32,1
34.56,64.31,27.63,0
65.69,370.19,43.55,1
44.0,159.45,36.59,1
78.83,341.82,19.58,1
43.54,88.2,49.55,1
24.27,92.43,16.99,0
50.54,108.29,24.26,1
17.23,225.04,25.85,1
54.13,292.67,19.04,1
14.75,176.18,46.68,1
32.15,173.65,18.48,1
27.38,59.38,21.22,1
41.29,114.38,39.51,0
87.67,167.99,17.37,1
21.55,59.94,10.15,0
62.8,174.68,24.66,1
80.6,244.48,12.17,1
61.47,256.43,11.32,1
41.06,211.77,5.27,1
39.53,137.9,5.82,1
20.43,104.64,6.16,0
7.42,109.67,53.08,1
35.53,145.49,6.14,1
85.39,141.36,11.98,1
93.51,180.77,21.43,1
9.18,86.63,32.05,0
91.6,375.11,33.87,1
52.24,257.1,14.17,0
48.06,210.92,24.01,1
84.96,147.9,21.07,1
69.04,251.57,23.24,1
14.52,85.97,25.02,0
18.45,202.19,28.82,0
6.44,106.71,16.2,1
46.51,272.24,42.55,1
16.17,59.6,55.0,1
23.55,202.08,18.57,0
78.17,315.29,55.0,1
51.09,154.89,16.8,1
52.07,151.19,24.25,1
134.18,252.64,21.18,1
0.79,162.6,23.72,0
17.0,98.93,40.07,0
27.25,101.2,20.48,0
18.02,325.94,11.01,1
65.31,161.37,16.02,1
29.9,144.08,20.51,0
13.08,102.04,25.47,0
43.59,213.1,14.21,0
49.11,126.5,15.19,1
14.14,122.62,26.0,0
31.08,242.84,26.5,1
49.95,245.76,37.04,1
81.2,176.1,15.9,1
19.72,140.1,30.38,0
53.99,119.16,21.2,0
22.35,142.63,17.29,1
37.78,378.67,21.6,1
15.35,203.47,23.34,0
52.82,117.64,10.25,1
72.02,110.96,10.78,0
32.17,98.1,32.66,1
29.02,79.63,18.3,0
26.87,135.9,25.58,0
11.69,233.94,32.14,1
60.4,170.25,21.68,1
79.79,157.84,30.69,1
18.76,115.03,23.43,0
41.7,201.22,24.05,1
51.79,183.21,41.84,1
22.03,89.02,20.35,0
93.25,282.01,32.87,1
42.27,100.55,9.05,1
9.17,135.1,25.07,0
74.68,162.64,47.53,1
33.17,137.23,55.0,1
25.29,85.35,9.37,0
57.22,178.44,18.25,1
22.66,78.25,12.35,0
89.33,173.27,20.82,1
76.48,176.61,35.77,1
97.63,165.45,42.64,1
129.31,374.27,43.38,1
51.22,135.0,8.8,0
35.6,131.5,23.06,1
21.91,140.54,15.71,1
54.83,99.93,20.13,1
126.98,159.96,17.05,1
11.77,112.0,9.11,0
44.94,82.24,42.86,1
9.03,151.67,14.3,0
8.64,155.31,15.88,0
81.59,224.2,47.68,1
72.84,253.33,8.03,1
20.95,120.9,28.59,0
13.88,262.87,38.47,1
100.2,234.57,45.67,1
14.86,252.5,27.52,1
10.81,186.53,33.19,0
15.32,117.45,38.46,0
48.4,182.18,21.01,0
141.21,300.04,13.07,1
22.2,53.64,49.61,1
80.89,126.47,31.28,1
39.2,315.46,23.04,1
4.67,162.6,9.44,0
22.79,230.96,4.45,1
73.4,172.53,28.28,1
70.7,310.99,4.22,1
20.07,122.96,22.9,0
60.18,217.34,14.71,1
32.63,292.18,17.03,1
47.05,215.83,43.63,1
84.0,142.65,14.8,1
20.78,128.21,23.56,1
26.27,163.3,14.85,0
85.07,248.51,26.84,1
131.56,355.84,24.76,1
67.2,231.43,22.91,1
44.93,155.41,38.54,1
66.77,163.25,8.05,1
22.68,122.43,6.59,0
37.51,122.27,10.6,0
8.54,90.73,24.83,0
23.12,228.73,29.4,0
49.2,174.93,2.33,0
41.71,127.58,29.19,1
3.0,119.71,54.2,0
29.64,119.24,18.51,0
41.07,75.6,50.29,1
42.27,207.69,28.02,1
10.58,223.67,47.18,1
61.0,253.02,42.47,1
119.42,304.78,18.52,1
66.24,122.21,35.86,1
37.53,277.16,18.5,1
101.82,181.62,53.66,1
22.74,72.58,19.55,1
55.49,77.15,30.18,1
34.51,169.72,55.0,1
102.58,345.59,30.91,1
15.9,239.8,17.37,0
15.87,134.99,9.8,0
86.4,288.45,8.1,1
52.65,400.27,29.11,1
91.21,184.31,21.6,1
17.33,171.1,10.73,1
20.31,266.01,33.77,1
46.19,97.2,33.52,1
8.93,63.16,21.38,0
43.84,311.8,48.3,1
25.93,231.22,7.06,1
34.35,109.51,17.77,0
60.74,120.93,30.82,1
62.97,118.31,11.57,1
115.45,248.13,35.61,1
77.59,153.71,41.35,1
4.85,82.01,3.26,0
17.13,72.65,49.18,0
18.48,140.01,29.79,1
72.18,123.16,16.53,1
104.56,271.73,8.6,1
12.07,240.0,38.22,1
73.46,209.64,10.36,1
37.58,242.32,29.76,1
33.58,140.97,10.65,0
22.43,91.86,22.6,1
29.97,123.67,37.29,0
44.0,82.78,16.66,0
24.71,104.52,48.99,0
50.76,154.98,31.22,1
33.7,152.16,11.59,0
30.81,239.19,9.08,1
57.81,308.7,13.73,1
47.16,180.08,21.98,1
3.22,61.82,51.52,1
52.36,110.55,55.0,1
45.23,125.96,16.27,0
81.01,153.15,15.96,1
46.58,181.25,34.13,1
28.63,89.38,33.98,1
21.7,276.11,44.78,1
7.32,197.2,45.43,0
37.17,249.89,13.12,0
18.67,97.02,7.85,0
89.44,150.17,31.47,1
38.42,113.9,25.6,0
14.24,137.98,5.13,0
5.26,121.19,7.71,0
7.78,247.67,30.62,1
49.25,314.09,20.85,1
96.44,224.18,31.02,1
56.85,102.41,11.07,0
34.27,131.84,32.28,0
133.28,570.96,27.43,1
65.81,113.22,33.61,1
46.9,184.78,17.0,1
28.0,103.18,14.8,0
99.81,427.03,8.59,1
30.22,175.39,18.76,0
18.61,94.27,40.38,0
35.42,124.11,46.54,0
41.07,70.83,10.42,0
69.84,206.49,21.97,1
18.22,157.34,51.94,1
21.33,68.27,55.0,1
22.33,188.23,18.3,1
33.98,296.8,42.35,0
14.52,68.81,38.44,0
88.7,252.44,36.71,1
7.88,174.0,6.93,0
101.76,229.92,15.67,1
65.05,198.31,20.58,1
17.22,103.81,20.23,1
31.84,60.71,21.83,0
19.8,163.02,55.0,1
65.84,254.07,18.68,1
94.69,158.17,28.16,1
214.76,290.96,27.59,1
54.26,124.69,21.99,1
8.12,157.51,10.88,0
16.03,153.39,23.74,0
52.31,118.53,5.05,1
32.94,147.04,29.76,0
64.41,180.81,4.38,0
47.52,192.23,28.27,0
17.46,110.04,15.15,0
28.9,247.29,11.91,1
66.62,212.44,34.43,1
49.53,265.78,17.38,1
64.92,208.59,23.03,1
11.22,162.28,7.11,0
18.58,59.43,48.43,0
84.35,221.59,24.36,1
11.68,124.16,24.33,0
62.21,291.28,43.06,1
10.37,221.26,30.13,1
40.59,283.21,2.89,1
25.55,102.94,51.1,1
17.23,134.76,18.27,0
43.09,298.72,49.44,1
81.53,157.63,17.88,1
20.91,250.84,15.44,1
4.02,219.84,28.98,0
33.7,148.9,55.0,1
17.07,309.07,42.33,1
67.59,288.66,30.81,1
25.48,76.89,28.72,0
21.6,288.61,23.62,1
27.87,143.26,48.22,1
81.5,230.73,34.92,1
51.36,201.04,8.46,1
14.84,185.73,11.96,0
11.21,269.94,31.41,1
100.8,248.86,10.59,1
21.15,131.74,24.28,0
83.19,148.04,36.56,1
32.62,122.0,29.09,1
18.84,231.46,9.47,0
20.16,258.74,12.41,1
33.86,129.73,29.62,1
3.78,193.76,55.0,1
19.4,104.03,21.35,0
126.02,160.0,37.26,1
151.3,197.27,29.24,1
21.22,244.8,15.05,0
59.89,95.24,37.5,1
50.33,231.1,6.94,1
12.83,154.27,35.99,0
60.62,291.94,30.26,1
27.35,159.79,15.98,0
39.32,200.21,11.24,1
69.43,208.8,16.89,0
28.89,179.17,14.32,0
28.63,148.65,19.31,0
55.94,218.61,18.0,1
84.9,187.47,15.97,1
53.67,258.0,6.73,0
29.78,160.81,10.16,0
78.76,274.44,40.82,1
48.83,125.87,16.27,0
97.59,194.77,19.54,1
115.56,162.29,17.4,1
53.03,204.93,48.83,1
92.9,240.82,14.1,1
94.81,182.88,13.45,1
35.35,158.95,30.65,1
94.79,158.71,25.39,1
40.73,256.51,31.13,1
64.84,276.65,30.03,1
37.67,157.74,38.04,1
9.34,116.78,9.29,0
138.2,178.64,29.01,1
63.0,255.54,13.51,1
67.03,138.71,5.25,0
43.82,245.6,29.91,1
94.33,140.06,28.94,1
34.71,96.93,22.49,0
36.56,90.27,38.41,1
15.01,84.66,13.58,0
47.3,439.86,32.69,1
91.05,202.76,20.6,1
35.06,211.24,21.56,1
13.1,73.43,5.88,1
78.25,155.59,38.63,1
56.33,366.83,28.3,1
127.41,241.65,31.99,1
20.2,154.59,12.38,1
63.17,220.73,26.46,1
12.55,301.06,20.58,1
38.5,57.34,29.15,0
44.38,267.79,25.76,1
8.27,257.23,54.03,1
86.51,253.41,45.04,1
70.66,172.77,19.19,1
56.33,201.12,29.89,1
13.38,70.88,18.23,0
21.98,51.86,37.85,0
76.54,211.6,21.1,0
38.2,50.33,16.72,0
32.44,118.97,26.25,1
92.83,156.03,43.14,1
43.15,144.83,39.46,1
14.54,121.32,17.32,0
75.87,128.18,51.45,1
12.77,174.58,12.87,0
38.46,278.86,15.49,1
47.86,105.27,36.97,1
64.91,119.7,5.28,1
10.01,126.68,23.07,0
2.98,33.61,19.14,0
3.15,121.5,53.09,0
100.93,324.17,11.38,1
8.3,63.36,12.23,0
118.87,396.8,55.0,1
81.67,174.18,19.27,1
17.07,118.03,42.23,1
4.65,86.04,17.44,0
40.78,228.71,15.09,0
25.06,153.2,43.37,1
93.9,189.76,55.0,1
47.49,118.62,45.19,1
38.81,179.6,16.76,0
32.58,282.56,22.48,1
64.78,166.01,12.59,1
36.06,162.08,14.0,0
134.99,176.05,13.55,1
7.97,133.04,17.7,0
29.82,425.36,24.61,1
58.25,108.88,23.02,1
52.79,200.58,34.07,1
134.74,219.36,25.35,1
20.53,59.45,32.29,0
1.25,93.2,35.15,0
77.29,422.01,16.95,1
45.82,192.19,20.84,1
77.77,214.91,55.0,1
50.9,105.06,16.1,1
2.39,215.02,33.32,0
53.33,313.19,9.74,1
20.39,274.57,35.71,1
29.84,234.25,14.49,0
35.1,101.87,23.5,0
12.76,69.35,8.64,0
19.77,47.35,22.14,0
67.99,128.76,22.41,1
67.92,211.33,20.38,1
6.95,67.13,29.31,0
46.2,264.73,41.37,1
73.36,311.33,12.19,1
42.68,273.02,20.68,1
48.25,81.79,9.08,0
7.58,144.9,6.3,0
91.43,219.4,25.17,1
13.94,240.69,11.58,0
28.56,68.39,22.89,0
73.84,200.85,25.75,1
114.06,153.16,7.15,1
30.57,238.56,28.0,1
157.59,174.81,40.28,1
43.86,384.24,31.63,1
40.11,203.69,12.38,0
15.99,132.39,22.05,0
29.08,106.84,23.51,0
46.84,279.51,20.91,1
58.81,99.35,9.41,0
56.82,73.83,13.69,0
26.54,184.88,19.83,1
100.31,211.51,25.54,1
41.15,184.4,16.03,0
39.08,170.23,5.76,0
14.94,186.71,16.65,0
63.24,180.0,53.98,1
37.34,128.98,28.11,1
30.91,150.08,25.12,0
10.67,198.69,13.55,0
11.15,207.01,17.13,0
50.61,197.76,5.44,0
110.54,132.68,12.97,1
32.91,170.34,27.31,1
32.73,68.08,25.23,0
63.81,265.39,15.1,1
89.15,275.27,20.9,1
24.47,88.83,23.03,1
15.17,183.57,15.61,1
36.54,160.92,29.03,1
56.23,129.15,24.97,1
3.17,169.67,17.51,0
27.47,298.83,9.85,1
33.64,122.9,16.74,0
30.14,178.42,16.06,1
9.62,70.91,15.08,0
27.56,105.15,7.37,0
34.09,154.29,46.22,1
17.6,88.28,44.98,0
47.1,114.66,20.46,0
70.7,125.69,25.47,1
72.52,309.86,28.75,1
21.63,211.91,20.65,0
55.44,173.45,26.51,1
52.07,250.15,31.05,1
127.39,334.72,24.44,1
55.65,162.13,34.11,1
58.13,117.21,14.76,0
80.91,229.97,22.04,1
12.24,250.93,55.0,1
40.32,221.4,38.52,1
115.26,379.92,24.76,1
116.87,322.62,12.21,1
27.55,389.93,22.7,1
113.15,267.64,37.11,1
31.02,130.18,32.98,1
48.38,236.87,6.13,0
8.02,252.35,7.57,0
97.17,235.3,7.83,1
29.78,238.15,29.0,1
9.96,102.62,7.9,0
34.76,239.92,11.87,1
2.07,459.83,20.21,0
61.83,155.07,40.51,1
85.12,228.72,29.78,1
15.62,190.08,18.8,0
15.08,129.5,34.65,0
58.64,155.81,55.0,1
63.87,191.11,22.82,1
22.52,248.55,9.46,1
17.68,59.49,12.14,0
74.9,143.88,12.06,1
8.93,121.26,13.88,0
26.29,238.01,18.01,1
17.26,143.89,25.97,0
57.99,140.52,8.48,0
18.55,298.41,9.61,1
81.96,223.14,30.9,1
25.45,121.48,16.11,0
50.66,223.56,12.91,1
18.87,186.96,19.25,0
43.76,187.18,44.38,1
21.08,100.42,33.28,0
14.28,223.65,32.02,1
63.6,371.02,52.86,1
18.39,175.64,26.67,0
18.7,65.08,55.0,1
40.91,434.58,55.0,1
46.45,218.5,8.67,1
13.77,77.46,7.05,1
54.65,257.94,11.55,0
19.79,259.11,41.98,1
10.54,140.19,19.49,0
29.38,65.47,18.06,0
29.01,176.61,35.17,1
51.4,113.8,15.61,0
130.59,305.87,24.74,1
40.36,121.87,30.89,1
56.66,220.47,12.25,1
7.77,105.97,10.47,0
84.65,236.32,22.74,1
33.4,240.03,24.45,1
11.47,221.41,33.67,0
82.43,156.94,11.36,1
34.56,140.27,14.15,0
73.27,182.02,55.0,1
140.12,286.25,38.04,1
8.74,257.6,20.58,1
19.06,135.89,41.42,1
64.33,229.69,11.39,1
36.43,149.79,19.19,1
2.4,84.24,1.99,0
26.78,70.82,24.33,1
30.47,125.03,17.9,0
34.59,90.75,18.28,0
18.44,76.79,32.73,0
99.69,253.16,38.34,1
7.78,171.99,16.76,1
48.68,264.03,9.01,1
22.74,53.94,7.74,0
21.33,216.31,5.02,0
90.76,106.27,52.37,1
29.15,111.32,32.8,0
48.89,162.49,28.85,0
67.45,149.31,15.44,1
37.76,161.98,15.38,0
91.63,232.09,39.03,1
10.3,22.82,7.08,0
51.13,218.37,17.21,1
131.53,221.86,42.16,1
47.97,238.8,17.19,1
5.9,200.81,31.86,1
52.47,185.26,21.08,1
102.47,312.26,2.6,1
27.07,96.85,20.55,0
26.79,109.78,23.01,0
62.47,92.91,19.61,1
54.5,225.22,10.13,0
38.85,164.46,19.74,0
19.66,132.46,5.28,1
24.64,133.0,17.08,0
14.74,113.43,33.31,1
5.15,63.81,50.79,0
84.7,135.25,46.19,1
64.93,373.57,11.19,1
60.35,221.8,7.99,1
59.53,170.38,24.33,1
31.27,133.57,22.14,1
27.93,178.91,30.55,1
11.59,245.38,14.64,1
68.88,203.54,22.54,1
184.59,558.46,21.83,1
50.81,225.35,17.44,1
76.03,166.65,6.71,1
76.24,126.03,33.03,1
107.08,334.06,24.43,1
17.4,81.89,34.33,1
7.94,199.24,39.02,1
43.41,196.29,20.71,1
33.65,75.95,33.15,0
174.16,322.98,51.45,1
14.96,180.73,55.0,0
130.21,229.8,26.17,1
33.92,129.69,27.36,0
13.3,116.62,25.92,0
114.13,337.87,29.93,1
17.65,110.17,38.07,1
76.36,108.92,25.6,1
44.39,170.39,55.0,1
129.89,159.26,54.16,1
88.2,234.34,22.97,1
33.21,94.17,22.89,1
114.54,221.89,16.64,1
55.6,117.28,30.86,1
39.68,308.35,18.39,1
43.65,195.82,16.16,1
78.5,137.8,30.48,1
31.84,165.9,10.78,1
24.82,76.64,38.44,1
20.05,126.4,31.18,1
50.29,283.89,52.6,1
21.35,175.18,26.45,1
79.32,143.6,33.94,1
31.21,76.74,3.62,0
58.84,225.36,36.45,1
91.73,388.65,44.16,1
109.25,219.49,24.76,1
46.44,273.46,16.56,1
4.31,159.75,26.81,1
4.67,169.72,38.42,0
77.82,128.7,41.28,1
16.52,122.36,6.76,0
30.03,140.64,55.0,1
86.11,108.2,16.21,1
25.1,102.69,34.27,1
11.63,95.12,46.94,1
30.85,94.18,21.73,0
67.45,170.72,42.19,1
24.68,210.53,6.71,1
60.86,249.98,4.9,1
12.01,262.72,43.06,1
19.51,224.4,40.15,1
31.22,171.62,28.76,1
94.14,349.35,38.49,1
27.44,115.23,54.98,1
24.15,141.5,47.76,1
24.23,334.19,22.5,0
60.81,146.83,26.66,1
72.21,90.47,20.24,0
91.26,137.61,18.69,1
143.92,253.58,36.33,1
50.54,113.44,20.11,0
21.61,64.57,36.29,0
34.87,226.81,21.71,1
17.33,172.98,23.65,1
43.8,67.23,13.51,0
20.1,234.66,35.75,1
90.88,447.63,6.41,1
47.64,124.29,43.97,1
111.35,268.81,55.0,1
70.38,128.16,24.13,1
65.87,195.93,23.5,1
11.53,172.05,8.1,0
60.73,170.76,16.86,0
141.86,211.07,38.72,1
28.13,113.5,41.82,0
81.45,109.78,25.95,1
8.37,129.73,37.44,0
15.03,297.34,13.68,1
36.84,83.04,29.5,0
24.49,274.12,50.28,0
19.83,117.63,32.82,1
24.59,52.41,54.51,0
55.98,249.41,55.0,1
82.14,204.57,30.6,1
59.46,113.88,1.39,0
61.97,133.7,41.34,1
38.11,120.61,10.06,1
14.63,121.02,2.88,0
35.78,165.57,5.71,1
44.66,177.32,42.97,1
84.7,266.97,30.74,1
123.35,242.93,26.37,1
52.6,196.95,32.44,0
78.74,201.29,6.0,1
3.25,438.82,20.19,1
30.79,42.13,15.21,0
37.97,85.64,25.18,0
58.36,115.89,25.71,1
125.33,241.8,31.65,1
50.3,173.3,34.42,0
7.19,106.32,6.25,0
62.5,220.54,20.36,1
28.95,200.44,23.21,0
58.19,163.91,9.86,1
66.22,250.32,9.14,1
6.62,102.63,5.74,0
36.41,175.59,8.24,1
37.49,54.04,37.32,0
49.84,156.61,7.08,1
21.23,209.64,8.02,0
16.25,30.31,24.56,0
123.95,241.23,29.43,1
46.13,101.61,22.77,1
17.87,151.41,11.25,1
25.08,123.92,9.29,0
127.81,270.28,24.16,1
96.11,165.38,21.28,1
22.79,126.21,18.07,0
14.84,68.3,36.39,0
15.91,98.44,20.44,1
89.17,216.32,8.71,1
27.37,59.13,18.14,0
9.47,116.07,31.37,0
25.75,72.02,19.68,0
49.44,143.9,31.05,1
35.89,77.34,34.61,0
97.25,428.32,20.48,1
49.9,237.78,22.71,1
55.09,153.59,18.92,1
75.43,323.96,31.44,1
72.64,143.47,18.56,1
25.64,243.34,29.69,1
15.1,159.39,25.96,1
46.95,119.86,5.68,0
42.18,203.01,30.63,1
50.18,243.29,24.56,1
53.36,162.46,44.95,1
117.66,297.49,10.19,1
31.72,202.35,26.21,1
54.94,189.73,16.94,1
15.04,56.33,6.21,0
19.8,151.4,4.8,0
40.17,52.99,50.03,1
17.29,124.51,26.26,0
63.37,217.71,20.06,1
56.69,113.53,7.61,1
23.06,205.96,48.38,1
33.6,113.52,14.21,1
89.8,147.64,26.99,1
46.54,213.88,23.99,1
164.85,417.12,55.0,1
33.62,155.96,22.38,1
36.81,278.56,16.27,1
40.17,113.12,26.49,0
8.22,71.74,28.18,0
35.48,244.22,55.0,1
34.51,189.41,22.15,0
67.55,112.22,9.95,0
92.33,357.67,18.08,1
31.34,138.6,26.46,0
4.28,117.41,29.31,0
45.02,331.61,7.08,1
17.1,262.79,16.74,0
48.07,282.84,55.0,1
47.14,120.25,12.41,1
21.56,156.09,36.87,1
45.31,195.57,18.46,1
9.81,69.78,22.94,0
50.31,96.07,7.77,1
72.1,175.04,19.58,1
58.54,240.28,26.27,1
26.14,40.76,22.32,0
68.35,187.05,20.34,1
62.9,113.04,31.54,1
64.96,256.74,9.27,1
100.01,237.98,26.99,1
53.88,103.31,4.48,0
15.52,209.58,42.7,1
18.1,155.52,20.76,0
53.91,151.79,35.48,1
35.04,368.54,2.15,1
29.99,134.35,32.68,0
61.6,142.05,13.89,1
12.9,174.13,23.03,0
62.48,336.23,32.98,1
33.41,49.2,21.77,0
51.33,267.75,30.77,1
14.03,179.5,18.63,0
64.23,313.56,44.58,1
81.12,305.61,20.73,1
220.0,367.04,20.98,1
48.87,211.95,21.22,1
79.13,201.83,22.65,1
17.24,272.63,9.59,1
96.37,168.34,12.15,1
10.57,132.3,38.44,0
122.79,304.92,35.47,1
45.32,239.62,34.2,1
